run_id,mixture,operating_point,experiment,prefix_fraction,prefix_rows,duration_minutes,final_v002_purity,sensor__LS701__last,sensor__LS701__mean,sensor__LS701__std,sensor__LS701__min,sensor__LS701__max,sensor__LS701__delta,sensor__LS701__slope,sensor__LS702__last,sensor__LS702__mean,sensor__LS702__std,sensor__LS702__min,sensor__LS702__max,sensor__LS702__delta,sensor__LS702__slope,sensor__T701__last,sensor__T701__mean,sensor__T701__std,sensor__T701__min,sensor__T701__max,sensor__T701__delta,sensor__T701__slope,sensor__T702__last,sensor__T702__mean,sensor__T702__std,sensor__T702__min,sensor__T702__max,sensor__T702__delta,sensor__T702__slope,sensor__T703__last,sensor__T703__mean,sensor__T703__std,sensor__T703__min,sensor__T703__max,sensor__T703__delta,sensor__T703__slope,sensor__T704__last,sensor__T704__mean,sensor__T704__std,sensor__T704__min,sensor__T704__max,sensor__T704__delta,sensor__T704__slope,sensor__T706__last,sensor__T706__mean,sensor__T706__std,sensor__T706__min,sensor__T706__max,sensor__T706__delta,sensor__T706__slope,sensor__T708__last,sensor__T708__mean,sensor__T708__std,sensor__T708__min,sensor__T708__max,sensor__T708__delta,sensor__T708__slope,sensor__T709__last,sensor__T709__mean,sensor__T709__std,sensor__T709__min,sensor__T709__max,sensor__T709__delta,sensor__T709__slope,sensor__T711__last,sensor__T711__mean,sensor__T711__std,sensor__T711__min,sensor__T711__max,sensor__T711__delta,sensor__T711__slope,sensor__T712__last,sensor__T712__mean,sensor__T712__std,sensor__T712__min,sensor__T712__max,sensor__T712__delta,sensor__T712__slope,sensor__T705__last,sensor__T705__mean,sensor__T705__std,sensor__T705__min,sensor__T705__max,sensor__T705__delta,sensor__T705__slope,sensor__FT703__last,sensor__FT703__mean,sensor__FT703__std,sensor__FT703__min,sensor__FT703__max,sensor__FT703__delta,sensor__FT703__slope,sensor__FT704__last,sensor__FT704__mean,sensor__FT704__std,sensor__FT704__min,sensor__FT704__max,sensor__FT704__delta,sensor__FT704__slope,sensor__PDI701__last,sensor__PDI701__mean,sensor__PDI701__std,sensor__PDI701__min,sensor__PDI701__max,sensor__PDI701__delta,sensor__PDI701__slope,sensor__PDI702__last,sensor__PDI702__mean,sensor__PDI702__std,sensor__PDI702__min,sensor__PDI702__max,sensor__PDI702__delta,sensor__PDI702__slope,sensor__PY23__last,sensor__PY23__mean,sensor__PY23__std,sensor__PY23__min,sensor__PY23__max,sensor__PY23__delta,sensor__PY23__slope,sensor__FYI702__last,sensor__FYI702__mean,sensor__FYI702__std,sensor__FYI702__min,sensor__FYI702__max,sensor__FYI702__delta,sensor__FYI702__slope,actuator__H701__last,actuator__H701__mean,actuator__H701__std,actuator__H701__min,actuator__H701__max,actuator__H701__delta,actuator__H701__slope,actuator__H702__last,actuator__H702__mean,actuator__H702__std,actuator__H702__min,actuator__H702__max,actuator__H702__delta,actuator__H702__slope,actuator__H706__last,actuator__H706__mean,actuator__H706__std,actuator__H706__min,actuator__H706__max,actuator__H706__delta,actuator__H706__slope,actuator__H704__last,actuator__H704__mean,actuator__H704__std,actuator__H704__min,actuator__H704__max,actuator__H704__delta,actuator__H704__slope,actuator__H708__last,actuator__H708__mean,actuator__H708__std,actuator__H708__min,actuator__H708__max,actuator__H708__delta,actuator__H708__slope,actuator__H002__last,actuator__H002__mean,actuator__H002__std,actuator__H002__min,actuator__H002__max,actuator__H002__delta,actuator__H002__slope,actuator__AV8__last,actuator__AV8__mean,actuator__AV8__std,actuator__AV8__min,actuator__AV8__max,actuator__AV8__delta,actuator__AV8__slope,actuator__AV709__last,actuator__AV709__mean,actuator__AV709__std,actuator__AV709__min,actuator__AV709__max,actuator__AV709__delta,actuator__AV709__slope,actuator__P301__last,actuator__P301__mean,actuator__P301__std,actuator__P301__min,actuator__P301__max,actuator__P301__delta,actuator__P301__slope,actuator__AV716__last,actuator__AV716__mean,actuator__AV716__std,actuator__AV716__min,actuator__AV716__max,actuator__AV716__delta,actuator__AV716__slope,actuator__TV1__last,actuator__TV1__mean,actuator__TV1__std,actuator__TV1__min,actuator__TV1__max,actuator__TV1__delta,actuator__TV1__slope,actuator__P701__last,actuator__P701__mean,actuator__P701__std,actuator__P701__min,actuator__P701__max,actuator__P701__delta,actuator__P701__slope,actuator__P702__last,actuator__P702__mean,actuator__P702__std,actuator__P702__min,actuator__P702__max,actuator__P702__delta,actuator__P702__slope,prediction,fold,good_threshold_train,poor_prediction_threshold_train,is_valuable,looks_poor_early,late_bloomer
batch_dist_ternary_butan-1-ol+propan-2-ol+water__operating_point_001__test_anormal_experiment_005,batch_dist_ternary_butan-1-ol+propan-2-ol+water,operating_point_001,test_anormal_experiment_005,0.1,685,114.08333333333331,0.7145540591367534,1.0,0.9985401459854014,0.0381801367317431,0.0,1.0,0.0,-7.4295675133020835e-06,1.0,1.0,0.0,1.0,1.0,0.0,2.219012162806015e-19,444.3,441.487299270073,1.8437978512507376,438.4,444.3,5.900000000000034,0.0093006462230358,74.3,85.98350364963503,7.188255180637195,74.3,97.3,-7.799999999999997,-0.0302191834419954,70.4,70.01605839416058,0.2395962469522968,69.6,70.4,0.8000000000000114,0.0011989343237432,105.4,122.7470072992701,11.01654140256366,105.3,139.0,-29.90000000000001,-0.055213768071303,99.1,119.65722627737226,14.64664565020992,99.1,145.8,-46.5,-0.0731950724420166,114.2,129.5094890510949,9.521826507078462,114.2,143.4,-23.8,-0.0474158097463233,69.1,69.37781021897811,0.3215444375153031,68.9,69.9,0.1999999999999886,-0.0003232309882408,65.5,66.58116788321169,0.6308690167861905,65.5,67.6,-0.2000000000000028,-0.0016192201044844,64.3,65.01299270072992,0.351377612013192,64.3,65.6,-0.6000000000000085,-0.0013781026377951,63.7,64.29080291970803,0.6553898470912616,63.7,65.8,-0.7000000000000028,-0.0025900779059222,0.0,0.3362043795620438,0.5588336803706322,0.0,2.2,0.0,3.516537507928935e-05,0.0,0.4216058394160584,0.5796049920654713,0.0,2.6,0.0,5.4534518928036064e-05,0.6,0.6715328467153284,0.0636469563489107,0.5,0.8,0.0,4.603345097437358e-06,2.9,2.955182481751825,0.1733908381628176,2.6,3.5,-0.2000000000000001,-0.000128830194061,499.1,499.9756204379562,0.5893245686152319,498.6,501.5,-1.2999999999999543,-0.0001465528860133,6.4,6.505109489051095,0.3677751550261156,5.8,7.3,-0.3999999999999994,3.09129743770343e-06,210.0,210.0,0.0,210.0,210.0,0.0,-2.8313031881861736e-16,0.0,13.806569343065693,40.774108366071125,0.0,150.0,-141.0,-0.1093781115980775,0.0,0.4905109489051095,2.7250362138269724,0.0,22.5,-22.5,-0.0041764436415035,0.0,4.567883211678832,13.5005592439265,0.0,66.0,-66.0,-0.0363568499679109,0.0,4.11021897810219,12.758562515828212,0.0,64.5,-64.5,-0.0329924319214541,0.0,0.0,0.0,0.0,0.0,0.0,0.0,0.0,0.4905109489051095,0.49990994980028,0.0,1.0,-1.0,-0.0002306152689932,1.0,1.0,0.0,1.0,1.0,0.0,2.219012162806015e-19,1.0,1.0,0.0,1.0,1.0,0.0,2.219012162806015e-19,1.0,1.0,0.0,1.0,1.0,0.0,2.219012162806015e-19,0.0,17.49211678832117,7.539956575090051,0.0,35.9,-23.3,-0.0076858651918041,2.3,6.8255474452554745,8.680919837543206,0.0,41.0,-6.4,0.0011562087103652,0.0,18.11065693430657,35.71544294184157,0.0,100.0,0.0,0.0011494884985441,0.6526298,0,0.6968109681875969,0.675491988658905,True,True,True
batch_dist_ternary_butan-1-ol+propan-2-ol+water__operating_point_014__test_anormal_experiment_001,batch_dist_ternary_butan-1-ol+propan-2-ol+water,operating_point_014,test_anormal_experiment_001,0.1,306,50.85,0.6956401649231208,1.0,1.0,0.0,1.0,1.0,0.0,2.775118854633269e-18,1.0,1.0,0.0,1.0,1.0,0.0,2.775118854633269e-18,385.427,384.5344248366013,0.5206878895628293,383.72,385.439,1.7069999999999936,0.0058547560039671,67.6095,67.5569591503268,0.0380218908127626,67.471,67.641,0.031499999999994,5.018328365158599e-05,57.012,56.91652287581699,0.0572316939899428,56.799,57.033,0.1920000000000001,0.0006250444728542,62.6225,62.64571568627451,0.0294794303331042,62.591,62.718,-0.0315000000000011,-0.0002084110495801,81.155,79.46278921568627,1.0126517237315642,77.659,81.176,3.495999999999995,0.0114588294975169,57.5835,57.620470588235285,0.0829408351868007,57.51,57.827,-0.2014999999999958,-0.0007867068309674,53.268,53.46731372549019,0.4246277527125405,53.057,54.618,-0.2950000000000017,-0.0030623294247478,49.2945,49.83012745098039,0.4661899509401231,49.284,50.768,-1.326500000000003,-0.0049427773886291,48.835,48.87386601307189,0.0543571614578191,48.814,49.067,-0.2319999999999993,-0.0004450669422464,49.022,49.03956862745098,0.0162767184893883,49.001,49.085,-0.0420000000000015,-0.000118725087087,0.0045,0.1392957516339869,0.1303814600035999,0.004,0.465,-0.4605,-0.0009753409410968,0.5395000000000001,0.4384526143790849,0.0759663251613798,0.359,0.658,-0.1164999999999999,-0.0002587461534515,-0.069,-0.0952859477124183,0.0976289951033306,-0.348,0.13,-0.056,0.0001861913751456,2.8040000000000003,2.0149607843137254,0.5287437356646542,0.977,3.584,-0.7799999999999998,0.0028912207078591,249.6415,249.74788888888887,0.2875975493626796,249.013,250.655,0.1075000000000159,-0.0004059077959147,3.1875,3.110251633986928,0.4186009167811387,2.5,3.906,0.2604999999999999,0.0001786356492722,175.0,175.0,0.0,175.0,175.0,0.0,4.279867294338728e-16,15.0,15.0,0.0,15.0,15.0,0.0,2.8945375545875946e-17,19.5,19.5,0.0,19.5,19.5,0.0,9.3754434464925e-17,9.0,9.0,0.0,9.0,9.0,0.0,2.033749981018585e-17,5.25,5.607843137254902,0.6563320946985102,4.5,6.0,0.75,0.0047895614699129,0.0,0.0,0.0,0.0,0.0,0.0,0.0,1.0,1.0,0.0,1.0,1.0,0.0,2.775118854633269e-18,1.0,1.0,0.0,1.0,1.0,0.0,2.775118854633269e-18,1.0,1.0,0.0,1.0,1.0,0.0,2.775118854633269e-18,1.0,1.0,0.0,1.0,1.0,0.0,2.775118854633269e-18,0.0,7.972222222222222,16.013680210534297,0.0,41.0,0.0,-0.0023138448522998,9.5925,7.75701633986928,1.019654881891114,6.36,10.95,-1.3055000000000003,0.00025800034971,0.0,0.9907892156862746,1.2502677787092131,0.0,4.655,0.0,0.0001386869330954,0.6538904,1,0.692888307468758,0.6680213212966919,True,True,True
batch_dist_ternary_butan-1-ol+propan-2-ol+water__operating_point_013__train_normal_experiment_001,batch_dist_ternary_butan-1-ol+propan-2-ol+water,operating_point_013,train_normal_experiment_001,0.1,403,67.05,0.6950454537431681,1.0,1.0,0.0,1.0,1.0,0.0,1.2626948463575712e-20,1.0,1.0,0.0,1.0,1.0,0.0,1.2626948463575712e-20,492.068,490.8480496277916,0.6970499215053256,489.732,492.188,2.312000000000012,0.0059695324815623,85.378,85.34823945409428,0.0783293318304984,85.186,85.506,0.0430000000000063,0.0004837491350704,74.119,73.97037344913151,0.0967010440756678,73.819,74.14,0.2789999999999963,0.0008105014262398,80.041,80.2813759305211,0.197405911228376,80.041,80.74,-0.6140000000000043,-0.0015734425494326,80.025,80.11590570719602,0.1518774803073174,79.897,80.409,-0.2979999999999876,-0.0011538934568248,74.784,74.89171091811414,0.1050389337241975,74.72,75.21,-0.3629999999999995,-0.0007813047628232,71.652,71.6028535980149,0.094617512140616,71.461,72.013,-0.3179999999999978,-7.478940090602796e-05,69.001,68.91369106699752,0.0466739465861702,68.833,69.001,0.1050000000000039,0.0003556526692631,67.858,67.96173076923077,0.0616168630535469,67.837,68.112,-0.211999999999989,-0.0004846899693117,67.691,67.80704962779156,0.0526928222553223,67.67,67.923,-0.1269999999999953,-0.0003883809217187,0.403,0.3802481389578164,0.0123985397067196,0.327,0.403,0.076,8.220735132288838e-05,0.397,0.3944764267990074,0.007904521125897,0.351,0.409,0.0,2.560209541194065e-05,0.724,0.7715942928039702,0.0505843500370283,0.584,1.003,-0.059,6.483588249939965e-05,2.035,2.018199751861042,0.1106095806427419,1.644,2.216,0.308,0.0005436840256374,599.202,598.5616736972705,0.9535083115013812,596.411,600.719,0.4930000000000518,-0.0008353331064753,4.873,4.993208436724566,0.3966162225857028,4.359,5.859,-0.5910000000000002,-1.0983824948170223e-05,280.0,280.0,0.0,280.0,280.0,0.0,-5.597543072327035e-16,19.5,20.192307692307693,0.7477777728932165,19.5,21.000000000000004,-1.5000000000000036,-0.005545174161133,12.0,12.25682382133995,0.5650462430653538,12.0,13.5,-1.5,0.0008863808124451,12.0,11.49379652605459,0.7092695213271977,10.500000000000002,12.0,1.4999999999999982,0.0032897571450415,10.500000000000002,9.472704714640198,0.6968553111781723,9.0,10.500000000000002,1.5000000000000018,2.8876818276995725e-05,0.0,0.0,0.0,0.0,0.0,0.0,0.0,1.0,1.0,0.0,1.0,1.0,0.0,1.2626948463575712e-20,1.0,1.0,0.0,1.0,1.0,0.0,1.2626948463575712e-20,1.0,1.0,0.0,1.0,1.0,0.0,1.2626948463575712e-20,1.0,1.0,0.0,1.0,1.0,0.0,1.2626948463575712e-20,0.0,2.126550868486353,8.496685371192708,0.0,37.0,0.0,-0.0019605067799102,6.155,5.902965260545906,0.1539512185770509,5.485,6.29,0.5200000000000005,0.0010671011084664,4.855,4.602220843672457,0.1549013120945663,4.185,4.99,0.5200000000000005,0.0010751453649864,0.63449806,2,0.694341163307552,0.6681840419769287,True,True,True
batch_dist_ternary_butan-1-ol+propan-2-ol+water__operating_point_032__test_anormal_experiment_001,batch_dist_ternary_butan-1-ol+propan-2-ol+water,operating_point_032,test_anormal_experiment_001,0.2,874,72.78333333333333,0.9870150890941936,1.0,0.9954233409610984,0.0674960238158014,0.0,1.0,0.0,-1.560153184395341e-05,1.0,1.0,0.0,1.0,1.0,0.0,1.5180006156682464e-18,426.53,426.1872282608696,0.3468839289975042,425.4,426.695,1.08299999999997,0.0013069197377128,90.512,89.10177345537758,0.8563702852051441,87.837,90.576,0.8769999999999953,0.0029772976861698,81.664,81.71487986270022,0.1089624008041188,81.536,81.922,0.0640000000000071,0.0002575483441908,85.653,84.39479118993135,0.7606944745998129,83.174,85.716,0.8270000000000124,0.0026682211624983,85.978,84.58749771167048,0.8671498666892076,83.032,85.999,1.387999999999991,0.0032245475993885,81.182,79.99155205949657,0.74446079067827,78.749,81.203,0.875,0.0026166162560144,80.638,80.78270823798627,0.1038286858060389,80.596,81.0,-0.0219999999999913,0.0001845908001739,80.35,80.52441018306637,0.125357633470415,80.307,80.771,0.0219999999999913,0.0001800018962691,80.163,80.37021681922197,0.1250132815038212,80.141,80.588,-0.0420000000000015,0.000165207267384,74.891,75.27675743707094,1.7900044082493882,71.776,80.387,-5.325999999999993,-0.0023851977141419,0.072,0.1340875286041189,0.3905799823363985,0.004,6.306,-0.094,-0.0001544048422265,0.162,0.1856075514874141,0.1101423142746508,0.157,2.156,-0.148,-0.0001399041665122,0.362,0.4462734553775744,0.095092858652892,0.227,0.866,-0.0569999999999999,3.487504956923893e-05,-1.608,-0.5788821510297483,0.6779211027698783,-1.732,1.714,-3.309,-0.0024903174385987,488.559,493.6572568649885,3.2701683835791826,487.922,500.476,-0.8979999999999677,0.0019314144123199,4.444,5.231717963386728,0.4297095184932771,4.44,6.222,-1.0300000000000002,-8.073706902845921e-05,210.0,210.0,0.0,210.0,210.0,0.0,9.789986453449607e-17,15.0,14.689359267734554,2.2107654848086966,6.0,16.5,9.0,0.005627201126977,12.0,12.316647597254004,1.4063765691670231,6.0,13.5,6.0,0.0018368983867108,13.5,12.94479405034325,1.829049475207372,6.0,15.0,7.5,0.004404127755516,9.0,9.906178489702516,1.4762349428818446,4.5,12.0,4.5,0.0022584295791023,0.0,0.0,0.0,0.0,0.0,0.0,0.0,1.0,1.0,0.0,1.0,1.0,0.0,1.5180006156682464e-18,1.0,1.0,0.0,1.0,1.0,0.0,1.5180006156682464e-18,1.0,1.0,0.0,1.0,1.0,0.0,1.5180006156682464e-18,1.0,1.0,0.0,1.0,1.0,0.0,1.5180006156682464e-18,0.0,0.7568649885583524,5.985545499904639,0.0,49.0,0.0,0.0001384950498163,3.4,3.527459954233409,0.4018919232350334,3.4,5.0,-1.6,-0.000796797012702,1.6,1.66487414187643,0.1077735790572025,1.5,2.0,-0.3999999999999999,-0.0002706605150257,0.6604181,3,0.689095923794722,0.6684624552726746,True,True,True
batch_dist_ternary_butan-1-ol+propan-2-ol+water__operating_point_004__test_anormal_experiment_002,batch_dist_ternary_butan-1-ol+propan-2-ol+water,operating_point_004,test_anormal_experiment_002,0.2,1408,117.25,0.9760909999802094,1.0,1.0,0.0,1.0,1.0,0.0,-8.183022461357916e-19,1.0,1.0,0.0,1.0,1.0,0.0,-8.183022461357916e-19,417.994,285.95729190340904,84.47408324871536,159.31,417.994,176.12100000000004,0.1519503735844399,84.972,77.20417933238637,4.603506732852567,69.832,84.993,8.047999999999988,0.0069825907822886,80.935,78.61647017045455,0.9242107863544003,76.968,80.935,1.5450000000000017,0.0003783550308035,73.51,67.30490376420454,3.934774166336375,60.929,73.51,6.033000000000001,0.0061203907166666,76.382,69.80175816761364,4.518040212319687,62.57,76.403,7.551000000000002,0.0075641384000466,70.675,65.51489879261364,3.1444714766719093,60.648,70.718,4.890000000000001,0.0049194437458232,79.32,72.77244353693182,3.9994080420406166,65.844,79.32,3.9739999999999895,0.0034991743601639,66.858,64.47312357954546,1.5593171459784092,62.786,69.043,2.75,0.0028853488826719,64.049,63.732287286931815,0.4494490445384667,62.843,65.085,-0.1059999999999945,0.0003392995203584,63.188,63.50987428977273,0.4445271285933749,62.723,64.899,-0.9080000000000013,-8.140517055621775e-05,0.207,0.14549609375,0.1279368774268586,0.002,0.49,0.132,-7.566268583173836e-05,0.293,0.2561239346590909,0.1898046303543006,0.002,0.807,0.0979999999999999,-0.0001757228732441,0.574,0.4644041193181818,0.1628624679518764,0.144,0.946,0.2619999999999999,0.0001828642978685,1.278,0.2673757102272728,2.4492806843013164,-2.166,6.924,-5.583,0.001957167494912,499.013,509.2961981534091,11.64682788603052,496.555,543.827,-14.116000000000042,-0.0047316100947064,6.883,6.638069602272726,0.3183140068406714,5.882,7.38,0.0,-5.550996283066959e-05,210.0,167.41832386363637,64.6899216672268,0.0,210.0,0.0,0.0577807950777759,18.0,19.140980113636363,9.72486297623828,0.0,39.0,-4.5,0.0030234955405335,16.5,15.985973011363637,8.248206187548636,0.0,36.0,-6.0,-0.0040348144623747,16.5,15.441583806818182,7.363435322556601,0.0,31.5,-1.5,-5.065743546147746e-05,13.5,11.980291193181818,5.734835706210687,0.0,24.0,0.0,-0.0003537218157069,0.0,0.0,0.0,0.0,0.0,0.0,0.0,1.0,1.0,0.0,1.0,1.0,0.0,-8.183022461357916e-19,1.0,1.0,0.0,1.0,1.0,0.0,-8.183022461357916e-19,1.0,0.5994318181818182,0.4900135850494941,0.0,1.0,0.0,0.0007758943385989,1.0,1.0,0.0,1.0,1.0,0.0,-8.183022461357916e-19,0.0,7.240767045454546,8.395936346764069,0.0,33.0,-1.0,0.0008536535853265,5.267,4.06941796875,2.9569197670016227,0.0,12.607,-2.852999999999999,-0.0017127502466313,2.63,1.5834449573863636,1.5623117007026606,0.0,6.303,-1.4299999999999995,-0.0002503637624493,0.65928656,2,0.694341163307552,0.6694508790969849,True,True,True
batch_dist_ternary_butan-1-ol+propan-2-ol+water__operating_point_009__test_anormal_experiment_001,batch_dist_ternary_butan-1-ol+propan-2-ol+water,operating_point_009,test_anormal_experiment_001,0.2,1471,122.53333333333332,0.7527630574755655,1.0,1.0,0.0,1.0,1.0,0.0,4.606101784441739e-19,1.0,1.0,0.0,1.0,1.0,0.0,4.606101784441739e-19,419.544,416.10296227056426,2.9412255331898143,408.522,419.662,10.974999999999966,0.0065829149266777,77.393,76.38158701563562,0.6078686197803472,75.24,77.479,2.088999999999998,0.0014263517965191,67.488,66.65469272603671,0.4552439351874185,65.928,67.488,1.5390000000000017,0.0010664772578185,72.328,71.87748708361659,0.2218417466126907,71.568,72.349,0.6330000000000098,0.0004907175275528,72.53,71.83746668932699,0.3512366091205811,71.381,72.53,1.1269999999999951,0.0008001210609344,67.4,66.83750441876275,0.2722607784636846,66.465,67.4,0.8710000000000093,0.000621001123013,65.993,65.75563970088375,0.1797920498727993,65.484,66.331,0.2549999999999954,0.0003188229592741,63.52,65.01484738273282,0.9274288366781892,63.5,66.564,-3.0230000000000032,-0.0021776020457173,62.632,64.335423521414,1.1932322030996496,62.59,66.567,-3.934999999999995,-0.0027927287454677,62.068,63.65263562202584,1.1627601435331052,62.005,65.597,-3.5289999999999964,-0.0027101139103411,0.46,0.334281441196465,0.1205937638065544,0.006,0.564,-0.1039999999999999,1.0269996628095846e-05,0.005,0.252319170632223,0.1503955037408739,0.004,0.48,-0.307,1.9644489560669435e-05,0.598,0.495693405846363,0.0810641629952395,0.246,0.722,0.2559999999999999,-2.552283552708172e-05,2.813,2.0446114887831404,0.7853669825142564,0.383,4.395,0.906,-0.0003557298713458,447.901,448.7834959211421,0.7911670502990784,446.698,450.754,-1.6239999999999668,-7.368311761797117e-05,3.643,3.296556084296397,0.4397737816304518,2.664,3.964,0.0869999999999997,1.4454158691821784e-05,210.0,210.0,0.0,210.0,210.0,0.0,-1.3222974062173553e-18,19.5,20.145479265805573,0.7406188444021823,19.5,21.000000000000004,0.0,0.0007616303548582,9.0,9.25798776342624,0.564029787761081,9.0,10.500000000000002,0.0,0.0002374913440385,10.500000000000002,10.327668252889191,0.476728243220424,9.0,10.500000000000002,0.0,0.0004568017760705,7.5,7.21295037389531,0.5871417332641045,6.0,7.5,1.5,0.0005389947669133,0.0,0.0,0.0,0.0,0.0,0.0,0.0,1.0,1.0,0.0,1.0,1.0,0.0,4.606101784441739e-19,1.0,1.0,0.0,1.0,1.0,0.0,4.606101784441739e-19,1.0,1.0,0.0,1.0,1.0,0.0,4.606101784441739e-19,1.0,1.0,0.0,1.0,1.0,0.0,4.606101784441739e-19,0.0,2.459551325628824,8.972855178270787,0.0,36.0,0.0,0.0001610325506373,2.09,4.88991672331747,2.398450464407508,0.0,8.31,-2.2350000000000003,0.000159439576639,6.435,4.291201563562202,2.014361366068929,0.0,8.17,2.1099999999999994,0.0002199502229437,0.61686635,2,0.694341163307552,0.6694508790969849,True,True,True
batch_dist_ternary_butan-1-ol+propan-2-ol+water__operating_point_029__train_normal_experiment_001,batch_dist_ternary_butan-1-ol+propan-2-ol+water,operating_point_029,train_normal_experiment_001,0.2,1479,123.21666666666668,0.7360743665816829,1.0,0.9993238674780256,0.0259937563039095,0.0,1.0,0.0,-1.62461714858465e-06,1.0,1.0,0.0,1.0,1.0,0.0,-6.941462120599103e-19,424.553,423.5268766058147,1.203550196801446,420.696,424.882,3.834000000000003,0.002679415967197,89.613,89.1455652467884,0.231453909903297,88.757,89.699,0.8559999999999945,0.0004477573013372,79.648,78.43501926977687,0.6738307285294187,77.268,79.648,2.3799999999999955,0.0015767497516152,84.699,84.08282792427316,0.2744684055592825,83.725,84.72,0.6989999999999981,0.0005460358525556,84.761,84.07845300878972,0.2833355760768465,83.715,84.782,0.9399999999999976,0.0006010759416528,79.667,78.8937876943881,0.3723751038158681,78.451,79.667,1.003,0.0008159750162072,75.282,74.51223766058148,0.5150664905267014,73.52,75.409,1.7409999999999997,0.0012012588464668,66.165,66.80427890466531,0.3691654955225347,66.123,67.467,-1.3019999999999925,-0.0008625248505222,65.424,65.86035023664638,0.3545306824313963,65.339,66.651,-1.184999999999988,-0.0008124627886634,65.597,65.90106288032455,0.2481865426258805,65.555,66.485,-0.8670000000000044,-0.0005537478860504,0.22,0.2092589587559161,0.0094154656337894,0.169,0.233,0.037,1.2416514893547842e-05,0.482,0.4520872210953346,0.021795049224745,0.371,0.504,0.0989999999999999,3.691638132627917e-05,0.969,1.010631845841785,0.0587338157764315,0.814,1.198,0.0529999999999999,2.222645026568377e-05,1.843,2.0150412440838403,0.1704710492238173,1.403,2.501,0.437,1.0222569582017042e-06,546.178,548.5840432724815,0.9812400081033912,545.182,551.149,-1.1580000000000157,-0.0001065004863838,3.902,4.118935767410412,0.4254103876289012,3.339,4.897,-0.3559999999999998,-3.3248418650338406e-05,210.0,210.0,0.0,210.0,210.0,0.0,-2.178607784519148e-16,24.0,23.05375253549696,0.7238694168675225,22.5,24.0,0.0,0.0002634995484825,13.5,13.885395537525357,0.6554110053573827,13.5,15.0,-1.5,-0.0002187057379919,15.0,14.295131845841786,0.7486408461277766,13.5,15.0,1.5,0.0005486142943015,12.0,11.064908722109534,0.7268020492877499,10.500000000000002,12.0,1.4999999999999982,0.0007461054254868,0.0,0.0,0.0,0.0,0.0,0.0,0.0,1.0,1.0,0.0,1.0,1.0,0.0,-6.941462120599103e-19,1.0,1.0,0.0,1.0,1.0,0.0,-6.941462120599103e-19,1.0,1.0,0.0,1.0,1.0,0.0,-6.941462120599103e-19,1.0,1.0,0.0,1.0,1.0,0.0,-6.941462120599103e-19,0.0,2.215348208248817,7.797282062985695,0.0,30.0,0.0,-0.0001404830187078,8.13,7.901141987829615,0.3480885088522267,6.57,8.67,1.4620000000000006,0.0004172817870254,2.71,2.6332934415145366,0.1155854432440085,2.19,2.892,0.4870000000000001,0.0001393116103969,0.65462255,4,0.6962255665553588,0.6665053963661194,True,True,True
batch_dist_ternary_butan-1-ol+propan-2-ol+water__operating_point_015__test_anormal_experiment_001,batch_dist_ternary_butan-1-ol+propan-2-ol+water,operating_point_015,test_anormal_experiment_001,0.2,1249,104.01666666666668,0.721089595799512,1.0,0.9983987189751802,0.0399839583320537,0.0,1.0,0.0,2.013918827370485e-06,1.0,1.0,0.0,1.0,1.0,0.0,5.613330364502634e-19,383.14,381.8682634107286,0.8292918020725174,380.426,383.21,2.6680000000000064,0.0022856322134629,86.297,85.62201601281025,0.3487857183510463,85.079,86.468,1.1539999999999964,0.0008678360780933,75.918,75.5226873498799,1.3903777698173774,67.2,84.245,0.943000000000012,0.0008421254449713,81.353,80.62343955164131,0.3556362780689597,80.168,81.502,1.184999999999988,0.0008522833897887,81.411,80.6845256204964,0.4211691461917383,80.217,81.752,1.1730000000000018,0.0009613105130257,76.319,75.60347718174539,0.3929857548595903,75.061,76.596,1.2150000000000034,0.0009624592997475,69.574,69.30404363490793,1.4313714090990317,59.288,78.5,0.7210000000000036,2.8243607193443414e-05,63.374,63.61533466773419,1.3488771127346315,55.27,73.607,-0.4399999999999977,-0.0003981649504218,63.055,63.18176100880704,1.3785420468265732,52.506,71.092,-0.3590000000000017,-0.0003143055798484,63.251,63.3801317053643,1.374139409725761,54.431,71.978,-0.2750000000000057,-8.015135185071253e-05,0.162,0.1538038430744595,0.0098244984532789,0.05,0.187,0.108,1.1749211677033853e-05,0.382,0.3801012810248199,0.0836439322143412,0.293,2.383,0.089,4.5268214571656905e-06,0.647,0.622542834267414,0.2345868648591069,-0.795,1.928,0.008,6.710506867030126e-07,1.99,2.0325488390712567,0.2323832541257906,0.844,3.233,-0.0279999999999998,-0.0001093141928927,500.045,498.0981901521217,1.2350874769552485,495.182,500.853,1.6870000000000118,-9.841943400846348e-05,6.829,6.888383106485187,0.3665729970368285,5.854,7.812,0.4539999999999997,-6.721062696311175e-05,175.0,175.0,0.0,175.0,175.0,0.0,-1.828327992971951e-17,18.0,18.976381104883902,4.2282437287956025,0.0,40.5,-1.5,-5.899026913838889e-05,10.500000000000002,12.360888710968776,4.144038123907957,0.0,34.5,-1.4999999999999982,-0.0001071072242409,12.0,13.110888710968776,4.128249930517255,0.0,34.5,-1.5,0.0002250923815975,9.0,10.122898318654924,3.993076986175348,0.0,31.5,-1.5000000000000018,-0.000212445340888,0.0,0.0,0.0,0.0,0.0,0.0,0.0,1.0,1.0,0.0,1.0,1.0,0.0,5.613330364502634e-19,1.0,1.0,0.0,1.0,1.0,0.0,5.613330364502634e-19,1.0,1.0,0.0,1.0,1.0,0.0,5.613330364502634e-19,1.0,1.0,0.0,1.0,1.0,0.0,5.613330364502634e-19,0.0,3.11048839071257,10.982362765598188,0.0,42.0,0.0,-0.0002417256882429,5.9,5.742505204163331,0.3985541796547046,4.055,7.843,1.260000000000001,0.0004120263687873,2.0,1.9471257005604483,0.1328553553620188,1.385,2.648,0.4619999999999999,0.0001365059432161,0.6538952,1,0.692888307468758,0.6684481501579285,True,True,True
batch_dist_ternary_butan-1-ol+propan-2-ol+water__operating_point_001__test_anormal_experiment_005,batch_dist_ternary_butan-1-ol+propan-2-ol+water,operating_point_001,test_anormal_experiment_005,0.2,1370,114.08333333333331,0.7145540591367534,1.0,0.9985401459854014,0.0381801367317431,0.0,1.0,0.0,1.7733863960037606e-07,1.0,1.0,0.0,1.0,1.0,0.0,-7.455377594832967e-19,446.7,443.5139416058394,2.461757682449894,438.4,446.8,8.300000000000011,0.0060475749868561,66.6,77.59744525547445,9.92693457063311,66.6,97.3,-15.5,-0.023474396693073,71.3,70.4236496350365,0.4744060841924823,69.6,71.3,1.7000000000000028,0.0011964384660996,82.7,107.96080291970804,17.336204155979523,82.7,139.0,-52.60000000000001,-0.043392925688658,79.0,103.84072992700727,19.33620006733093,79.0,145.8,-66.6,-0.0474003876319318,93.3,116.27927007299267,15.441538709448023,93.3,143.4,-44.7,-0.0386941020586903,69.5,69.29547445255474,0.2580555329894179,68.9,69.9,0.5999999999999943,-0.0001471033349102,64.6,65.75875912408759,0.9542069319524428,64.6,67.6,-1.1000000000000083,-0.0021670443415784,63.9,64.54970802919708,0.5349431262570756,63.9,65.6,-1.000000000000007,-0.0012711160005758,63.5,63.94379562043795,0.5822008725854101,63.5,65.8,-0.9000000000000057,-0.0011331990405372,1.7,0.3425547445255474,0.5783875512247787,0.0,2.2,1.7,1.645632573402659e-05,1.5,0.4004379562043795,0.5707977112537026,0.0,2.8,1.5,-4.943221242751596e-05,0.7,0.6495620437956204,0.0617549739494863,0.5,0.8,0.0999999999999999,-4.72679810034378e-05,2.9,2.917810218978102,0.1764728027616453,2.5,3.5,-0.2000000000000001,-0.0001066673249974,499.5,499.97905109489056,0.5918600929713754,498.1,501.8,-0.8999999999999773,-9.950331064197667e-06,6.4,6.502189781021897,0.3679231817007439,5.8,7.3,-0.3999999999999994,-7.787966362265791e-06,210.0,210.0,0.0,210.0,210.0,0.0,-4.991249974739619e-17,0.0,6.903284671532846,29.646573086619576,0.0,150.0,-141.0,-0.0287889319128243,0.0,0.2452554744525547,1.942436982525604,0.0,22.5,-22.5,-0.001059110690357,0.0,2.283941605839416,9.815749548978363,0.0,66.0,-66.0,-0.0095459336302441,0.0,2.055109489051095,9.25277978486121,0.0,64.5,-64.5,-0.0086242895531172,0.0,0.0,0.0,0.0,0.0,0.0,0.0,0.0,0.483941605839416,0.499742061444685,0.0,1.0,-1.0,-2.4078387132140007e-05,1.0,1.0,0.0,1.0,1.0,0.0,-7.455377594832967e-19,1.0,1.0,0.0,1.0,1.0,0.0,-7.455377594832967e-19,1.0,1.0,0.0,1.0,1.0,0.0,-7.455377594832967e-19,22.3,17.42138686131387,8.094604103652252,0.0,35.9,-1.0,-0.0004142870961603,2.7,6.485328467153286,8.558734604530944,0.0,43.0,-5.999999999999999,-0.00075858586482,0.0,19.015839416058395,36.528136803154624,0.0,100.0,0.0,0.0017497884565869,0.6419595,0,0.6968109681875969,0.6756429076194763,True,True,True
batch_dist_ternary_butan-1-ol+propan-2-ol+water__operating_point_014__test_anormal_experiment_001,batch_dist_ternary_butan-1-ol+propan-2-ol+water,operating_point_014,test_anormal_experiment_001,0.2,611,50.85,0.6956401649231208,1.0,1.0,0.0,1.0,1.0,0.0,4.2351582732089363e-19,1.0,1.0,0.0,1.0,1.0,0.0,4.2351582732089363e-19,375.664,377.54699918166943,9.012133788655774,359.996,385.578,-8.05600000000004,-0.0369031743388775,64.741,66.70267839607202,1.2339181321561388,64.39,67.663,-2.837000000000004,-0.0058987539507051,59.527,57.34835761047463,0.7150977398912429,56.799,59.527,2.7070000000000007,0.0032808433566337,60.393,61.999432078559735,0.9222830472257963,60.193,62.718,-2.261000000000003,-0.0044806388397434,73.63550000000001,79.0485744680851,2.0217703115315864,73.63550000000001,81.581,-4.023499999999999,-0.0041813745306194,56.0585,57.18924140752864,0.6217875081623084,55.92,57.827,-1.7264999999999944,-0.0030830731036746,53.5,53.295368248772505,0.4225390980910204,52.572,54.618,-0.0630000000000023,-0.0011156150508998,51.5515,49.86603436988543,0.625244521827794,49.159,51.5515,0.930499999999995,0.0005437143213379,51.489,49.30006628477905,0.7343080252077869,48.814,51.489,2.421999999999997,0.0031881023778672,51.526,49.43617021276596,0.6787544540071091,49.001,51.526,2.462000000000004,0.0029887964726821,0.0225,0.1182315875613748,0.1110086200886912,0.004,0.465,-0.4425,-0.0002436225978143,0.1,0.3629337152209492,0.1616508368407601,0.007,0.658,-0.556,-0.000506729293991,-0.381,-0.2129705400981996,0.1693165260760279,-0.637,0.13,-0.368,-0.000718040231037,1.4865,2.347332242225859,1.2926067169179758,0.667,5.812,-2.0975,0.0002153389859785,291.386,257.28383142389526,12.062338594193168,249.013,291.386,41.85200000000003,0.0554340906464451,3.19,3.0952176759410803,0.4121243515390227,1.951,3.906,0.2629999999999999,-3.635662344499542e-05,175.0,168.84206219312605,28.09597177417777,0.0,175.0,0.0,-0.0077181561721662,18.0,11.565466448445171,5.649671766324562,0.0,18.0,3.0,-0.0110509353589843,0.0,10.595744680851064,9.71324950440439,0.0,19.5,-19.5,-0.0475122591764295,15.0,7.449672667757774,3.870714447586147,0.0,15.0,6.0,-0.0023415539916699,12.0,4.924713584288052,2.992636031519321,0.0,12.0,7.5,0.0017209800396775,0.0,0.0,0.0,0.0,0.0,0.0,0.0,1.0,0.9459901800327332,0.2260370750880709,0.0,1.0,0.0,-7.986022881691802e-05,1.0,0.9361702127659576,0.2444494743207672,0.0,1.0,0.0,-8.822503539260274e-05,1.0,0.9410801963993454,0.2354745428795115,0.0,1.0,0.0,-8.427937191350457e-05,1.0,0.9361702127659576,0.2444494743207672,0.0,1.0,0.0,-8.822503539260274e-05,21.0,7.111292962356792,12.536775425959046,0.0,41.0,21.0,0.0022055294352633,2.9175,6.726144026186578,2.324249649224579,0.0,10.95,-7.980499999999999,-0.0069252253806819,0.9705,1.312252045826514,1.1573660301023747,0.0,4.655,0.9705,0.001550063525182,0.624069,1,0.692888307468758,0.6684481501579285,True,True,True
batch_dist_ternary_butan-1-ol+propan-2-ol+water__operating_point_013__train_normal_experiment_001,batch_dist_ternary_butan-1-ol+propan-2-ol+water,operating_point_013,train_normal_experiment_001,0.2,805,67.05,0.6950454537431681,1.0,1.0,0.0,1.0,1.0,0.0,-1.1032384063009364e-18,1.0,1.0,0.0,1.0,1.0,0.0,-1.1032384063009364e-18,494.381,492.1175813664596,1.439262810535113,489.732,494.381,4.625,0.0061799282106179,85.464,85.40513664596273,0.0871456335802584,85.186,85.57,0.1290000000000049,0.0002866695643431,74.483,74.13828198757763,0.1951372808337894,73.819,74.504,0.6430000000000007,0.0008356673010269,79.809,80.08961366459627,0.2428654225654105,79.766,80.74,-0.8460000000000036,-0.0009828324393783,79.897,80.03545031055901,0.1366664935169332,79.897,80.409,-0.4259999999999877,-0.0004755806835773,74.806,74.83503105590063,0.0953459684198341,74.72,75.21,-0.3410000000000082,-0.0002983249872734,72.098,71.74145838509317,0.191580539007971,71.461,72.119,0.1280000000000001,0.0006762869261109,69.275,69.03615031055902,0.1443946942144869,68.833,69.317,0.3790000000000049,0.0006013227713442,67.731,67.89016894409937,0.0887750771051996,67.731,68.112,-0.3389999999999986,-0.0003630664932815,67.543,67.71726956521738,0.1024831905886392,67.521,67.923,-0.2749999999999915,-0.000426985186424,0.403,0.3909006211180124,0.0164058408660161,0.327,0.422,0.076,6.166318661765663e-05,0.407,0.3978534161490683,0.0108498334478209,0.351,0.421,0.0099999999999999,2.761486174540084e-05,0.758,0.7735819875776399,0.050280629722012,0.584,1.003,-0.025,1.6596797312083247e-05,1.837,2.022431677018633,0.1087610734976799,1.644,2.292,0.1099999999999998,0.0001112787173053,597.416,598.4763192546584,1.0110969757395962,595.756,601.086,-1.292999999999893,-0.0006900898425438,5.464,4.990860869565218,0.3973955551167792,4.359,5.859,0.0,-1.3018565449959752e-05,280.0,280.0,0.0,280.0,280.0,0.0,-2.8186314343296803e-16,18.0,19.29316770186336,1.1433373957181303,18.0,21.000000000000004,-3.000000000000004,-0.0045872007040917,12.0,12.128571428571428,0.4199125273342591,12.0,13.5,-1.5,-0.0003673431924881,12.0,11.735403726708077,0.5717370218010306,10.500000000000002,12.0,1.4999999999999982,0.0013538145930182,9.0,9.47608695652174,0.6976911113440548,9.0,10.500000000000002,0.0,-1.5337596192106835e-05,0.0,0.0,0.0,0.0,0.0,0.0,0.0,1.0,1.0,0.0,1.0,1.0,0.0,-1.1032384063009364e-18,1.0,1.0,0.0,1.0,1.0,0.0,-1.1032384063009364e-18,1.0,1.0,0.0,1.0,1.0,0.0,-1.1032384063009364e-18,1.0,1.0,0.0,1.0,1.0,0.0,-1.1032384063009364e-18,0.0,2.1180124223602483,8.530055654313411,0.0,37.0,0.0,-0.0004974050880563,6.23,6.039816770186335,0.2235225938629204,5.485,6.59,0.5950000000000006,0.0008274711357596,4.93,4.740465838509317,0.2242332007890404,4.185,5.29,0.5949999999999998,0.0008321181341109,0.6121426,2,0.694341163307552,0.6694508790969849,True,True,True
batch_dist_ternary_butan-1-ol+propan-2-ol+water__operating_point_032__test_anormal_experiment_001,batch_dist_ternary_butan-1-ol+propan-2-ol+water,operating_point_032,test_anormal_experiment_001,0.4,1748,72.78333333333333,0.9870150890941936,1.0,0.9937070938215103,0.0790778446236266,0.0,1.0,0.0,-3.703787441362644e-06,1.0,1.0,0.0,1.0,1.0,0.0,-2.9645794877034347e-19,422.835,425.29642906178486,1.4973311065433164,422.623,427.001,-2.612000000000023,-0.0021359718077808,91.454,90.03561956521739,1.130543536758918,87.837,91.54,1.8189999999999884,0.0021115114607888,81.664,81.74176830663616,0.1164252718074532,81.514,81.965,0.0640000000000071,9.5114590453989e-05,86.67,85.30846109839817,1.0782979192518491,83.174,86.713,1.8440000000000083,0.0020382476176676,86.683,85.42635955377573,1.0465964182996903,83.032,86.683,2.0930000000000035,0.0019272563266952,81.716,80.7140998283753,0.8981913920710822,78.749,81.716,1.4089999999999918,0.0016242006337546,80.66,80.77736441647596,0.1071753716039063,80.553,81.0,0.0,1.752565825424489e-05,80.434,80.54530720823797,0.1317831815479046,80.307,80.814,0.1059999999999945,6.811756696224898e-05,80.269,80.38314216247139,0.1321390899248589,80.099,80.651,0.0640000000000071,5.294294255125412e-05,75.973,74.32808895881006,2.2211284684352286,69.32,80.387,-4.244,-0.0018441584392464,0.124,0.1087334096109839,0.2777025311479798,0.004,6.306,-0.042,-5.554392756275199e-05,0.134,0.1644076086956521,0.0810400123254812,0.132,2.156,-0.176,-5.749386942295054e-05,0.435,0.4435223112128146,0.0971328242325925,0.195,0.88,0.016,3.652197288356984e-06,-1.112,-0.9192231121281466,0.6214322673640363,-1.933,1.714,-2.813,-0.0007973743986757,491.718,493.8930283180778,3.317016727878429,487.321,500.853,2.261000000000024,0.0007101071851145,4.878,5.191312929061786,0.4254451164348765,4.44,6.222,-0.5960000000000001,-8.327348089966902e-05,210.0,210.0,0.0,210.0,210.0,0.0,6.201263602781194e-17,15.0,15.424771167048055,1.7837313704977331,6.0,16.5,9.0,0.0021243428420045,12.0,12.365131578947368,1.1024188792981442,6.0,13.5,6.0,0.0004235351712205,12.0,13.21724828375286,1.3275298512127318,6.0,15.0,6.0,0.001002635312729,9.0,9.756864988558352,1.175750799646894,4.5,12.0,4.5,0.0001045553244593,0.0,0.0,0.0,0.0,0.0,0.0,0.0,1.0,1.0,0.0,1.0,1.0,0.0,-2.9645794877034347e-19,1.0,1.0,0.0,1.0,1.0,0.0,-2.9645794877034347e-19,1.0,1.0,0.0,1.0,1.0,0.0,-2.9645794877034347e-19,1.0,1.0,0.0,1.0,1.0,0.0,-2.9645794877034347e-19,0.0,0.7148169336384439,5.786612925894538,0.0,49.0,0.0,-3.448611427620609e-05,3.3,3.424942791762013,0.3035426734776419,3.3,5.0,-1.7000000000000002,-0.0002904727598094,1.6,1.6306636155606409,0.0845516855657402,1.5,2.0,-0.3999999999999999,-9.073886047956798e-05,0.6549359,3,0.689095923794722,0.6671839952468872,True,True,True
batch_dist_ternary_butan-1-ol+propan-2-ol+water__operating_point_009__test_anormal_experiment_001,batch_dist_ternary_butan-1-ol+propan-2-ol+water,operating_point_009,test_anormal_experiment_001,0.4,2942,122.53333333333332,0.7527630574755655,1.0,1.0,0.0,1.0,1.0,0.0,-6.511499515461711e-19,1.0,1.0,0.0,1.0,1.0,0.0,-6.511499515461711e-19,424.294,419.2195249830048,3.903240343583819,408.522,424.388,15.724999999999966,0.0044417018938147,80.145,77.49963511216859,1.3289864445369848,75.24,80.188,4.840999999999994,0.0015569017749267,70.203,67.65299694085655,1.1976872959709222,65.928,70.224,4.254000000000005,0.0013906356416711,75.116,72.70131050305915,1.0279466133212851,71.568,75.116,3.4210000000000065,0.0011477227109882,75.019,72.72276478585997,1.0700741909849232,71.381,75.04,3.616,0.0012292850182276,70.165,67.67876614547926,1.0535240832171104,66.465,70.186,3.63600000000001,0.0011850440158088,68.789,66.52296889870836,0.906118083890004,65.484,68.832,3.051000000000002,0.0010079369826556,62.891,64.2087409925221,1.0628666677487764,62.828,66.564,-3.652000000000008,-0.0011285462323411,62.315,63.4088468728756,1.2567650807288684,62.209,66.567,-4.251999999999995,-0.0013289809280652,61.287,62.67375407885792,1.291537296064834,61.266,65.597,-4.309999999999995,-0.0014103226788402,0.502,0.3710955132562882,0.1251156150041652,0.005,0.662,-0.0619999999999999,3.3330266731033075e-05,0.258,0.2333120326308633,0.1375825412644723,0.004,0.48,-0.0539999999999999,-8.764149892773033e-06,0.359,0.4952313052345343,0.0846428401165783,0.246,0.745,0.0169999999999999,-7.757716592741838e-08,2.09,2.075969578518015,0.826126878049647,-0.121,4.395,0.1829999999999998,-1.6566712955194484e-06,449.354,448.7029512236574,0.8455330140942955,446.016,450.772,-0.1709999999999922,-0.0001072137247144,2.735,3.2991939157036034,0.446241618361872,2.498,3.984,-0.8210000000000002,6.884927440597493e-06,210.0,210.0,0.0,210.0,210.0,0.0,-2.0342449757394334e-17,21.000000000000004,20.3512066621346,0.7409499791718389,19.5,21.000000000000004,1.5000000000000036,0.0003591635447941,10.500000000000002,9.661029911624745,0.7427761280491274,9.0,10.500000000000002,1.5000000000000018,0.0005535666961863,12.0,10.917063222297756,0.8420234818159889,9.0,12.0,1.4999999999999982,0.0007840091458381,9.0,7.768694765465669,0.8710585283762694,6.0,9.0,3.0,0.0007672748662422,0.0,0.0,0.0,0.0,0.0,0.0,0.0,1.0,1.0,0.0,1.0,1.0,0.0,-6.511499515461711e-19,1.0,1.0,0.0,1.0,1.0,0.0,-6.511499515461711e-19,1.0,1.0,0.0,1.0,1.0,0.0,-6.511499515461711e-19,1.0,1.0,0.0,1.0,1.0,0.0,-6.511499515461711e-19,36.0,2.363698164513936,8.834009026903548,0.0,37.0,36.0,-7.599552609380877e-05,4.5,4.544180829367777,2.2207850222746326,0.0,9.365,0.1749999999999998,-0.0002847099944232,4.5,4.799423861318831,2.0333624831998387,0.0,9.625,0.1749999999999998,0.000426686367087,0.66434324,2,0.694341163307552,0.6675778031349182,True,True,True
batch_dist_ternary_butan-1-ol+propan-2-ol+water__operating_point_015__test_anormal_experiment_001,batch_dist_ternary_butan-1-ol+propan-2-ol+water,operating_point_015,test_anormal_experiment_001,0.4,2497,104.01666666666668,0.721089595799512,1.0,0.9971966359631558,0.0528725371712115,0.0,1.0,0.0,-1.887619580893075e-06,1.0,1.0,0.0,1.0,1.0,0.0,-3.5561520979428564e-19,384.858,382.7294126952343,1.1469652990669503,380.426,384.997,4.386000000000024,0.0015352107037592,87.238,86.06964357228674,0.5551727520811134,85.079,87.281,2.094999999999999,0.0007423546809321,77.354,76.0606101321586,1.7260968712027702,67.2,84.955,2.379000000000005,0.0008870509522587,82.115,81.0687200640769,0.5525789950630203,80.168,82.115,1.9469999999999883,0.0007330658564311,82.243,81.12076892270724,0.5955374038854926,80.217,82.243,2.0049999999999955,0.0007624084981611,77.235,76.06009891870245,0.6038150723497631,75.061,77.235,2.131,0.0007929059507117,70.252,69.56201141369644,1.6553403824918227,59.288,78.5,1.399000000000001,0.0003755698822944,63.269,63.42312014417301,1.5996691711511029,53.139,73.607,-0.5450000000000017,-0.0003123758167527,62.97,63.07779315178214,1.6805424748505735,52.506,72.606,-0.4440000000000026,-0.0001710655314554,63.209,63.2842440929115,1.6938617764893242,54.094,72.595,-0.3170000000000001,-0.0001323393138897,0.172,0.1687715258309971,0.1541614915624896,0.004,2.995,0.118,2.3130123426549977e-05,0.389,0.386463556267521,0.1023403426236307,0.293,2.645,0.096,7.244066563438338e-06,0.461,0.6366954345214257,0.2840633243096384,-1.044,2.158,-0.178,2.0205079993880247e-05,2.015,2.0184321185422505,0.2865097892373518,0.445,3.707,-0.0029999999999996,-3.063547307455689e-05,496.941,498.10241469763713,1.2416780094965676,495.146,500.853,-1.41700000000003,-1.8102143447487823e-05,7.293,6.812326591910294,0.3953997674975079,5.842,7.812,0.918,-0.0001215114701354,175.0,175.0,0.0,175.0,175.0,0.0,-5.612502798959647e-17,19.5,18.964757709251103,4.673378652859754,0.0,40.5,0.0,9.796352531332806e-05,13.5,12.49199038846616,4.612517349850398,0.0,34.5,1.5,0.0002173541149545,13.5,13.165698838606328,4.602284113903526,0.0,34.5,0.0,0.0001827942591897,10.500000000000002,10.273227873448135,4.361523653453179,0.0,31.5,0.0,0.000202322335056,0.0,0.0,0.0,0.0,0.0,0.0,0.0,1.0,1.0,0.0,1.0,1.0,0.0,-3.5561520979428564e-19,1.0,1.0,0.0,1.0,1.0,0.0,-3.5561520979428564e-19,1.0,1.0,0.0,1.0,1.0,0.0,-3.5561520979428564e-19,1.0,1.0,0.0,1.0,1.0,0.0,-3.5561520979428564e-19,0.0,3.0865038045654787,10.93511857517738,0.0,42.0,0.0,-6.518183956610491e-05,5.93,5.829902282739287,0.4672067759232068,3.342,8.54,1.29,0.0001713913443067,2.01,1.9770875050060075,0.1555075064218017,1.148,2.88,0.4719999999999997,5.772284296430745e-05,0.6393311,1,0.692888307468758,0.668606698513031,True,True,True
batch_dist_ternary_butan-1-ol+propan-2-ol+water__operating_point_001__test_anormal_experiment_005,batch_dist_ternary_butan-1-ol+propan-2-ol+water,operating_point_001,test_anormal_experiment_005,0.4,2739,114.08333333333331,0.7145540591367534,1.0,0.9981745162468054,0.0426866649231515,0.0,1.0,0.0,-3.311221749782201e-07,1.0,1.0,0.0,1.0,1.0,0.0,-2.375857124622913e-19,446.2,445.51851040525736,2.7786087989158754,438.4,449.9,7.800000000000011,0.0027867923470177,66.0,71.78466593647317,9.11790414324679,65.6,97.3,-16.099999999999994,-0.0093270908004571,73.3,71.32761956918584,1.0481704151872708,69.6,73.3,3.700000000000003,0.0013231695255192,63.1,88.64821102592187,23.33038249661781,61.6,139.0,-72.20000000000002,-0.0285792066930548,63.8,86.05675428988681,22.731933717381995,62.0,145.8,-81.8,-0.0270001987725832,67.8,97.67933552391384,22.190368775015365,67.8,143.4,-70.2,-0.0275318322434148,71.0,69.75779481562614,0.5911792537561678,68.9,71.0,2.0999999999999943,0.0006303553573398,64.3,65.12322015334064,0.928192801069626,64.3,67.6,-1.4000000000000057,-0.0009835536871596,63.5,64.11489594742608,0.5835121236499886,63.4,65.6,-1.4000000000000057,-0.0006744217621342,63.4,63.67657904344651,0.4919357141491722,63.3,65.8,-1.000000000000007,-0.0004433884768163,0.0,0.3334793720335889,0.5878593854166664,0.0,2.7,0.0,-1.1008206346275789e-05,0.0,0.3817816721431178,0.5611285456786566,0.0,2.8,0.0,-2.9451974287937203e-05,0.6,0.6402701715954727,0.0595198018936445,0.5,0.8,0.0,-1.672619575677847e-05,2.9,2.891274187659729,0.1782397943038594,2.5,3.5,-0.2000000000000001,-4.340132809425306e-05,499.5,499.9630704636728,0.618725408279684,497.9,501.8,-0.8999999999999773,-2.058747743002729e-05,6.8,6.503723986856516,0.3681466441027238,5.8,7.3,0.0,1.1648259086614142e-06,210.0,210.0,0.0,210.0,210.0,0.0,-4.1110082176168976e-17,0.0,3.586527929901424,21.26480321430687,0.0,150.0,-141.0,-0.007173932737897,12.0,0.9720700985761228,2.9283218352072726,0.0,22.5,-10.5,0.0014361732311851,16.5,2.2332968236582693,7.592713387118434,0.0,66.0,-49.5,-0.0002698339131465,0.0,1.0279299014238774,6.6240821379518415,0.0,64.5,-64.5,-0.0022046876516639,0.0,0.0,0.0,0.0,0.0,0.0,0.0,0.0,0.484118291347207,0.4997477076788524,0.0,1.0,-1.0,-5.909392043393403e-06,1.0,1.0,0.0,1.0,1.0,0.0,-2.375857124622913e-19,1.0,1.0,0.0,1.0,1.0,0.0,-2.375857124622913e-19,1.0,1.0,0.0,1.0,1.0,0.0,-2.375857124622913e-19,17.8,17.185779481562616,8.555857073131968,0.0,35.9,-5.5,-0.0004316452318006,2.9,6.229609346476817,8.480906624582163,0.0,43.0,-5.799999999999999,-0.0003914505328961,0.0,18.93778751369113,36.22781018918262,0.0,100.0,0.0,-9.22025171954428e-05,0.6701701,0,0.6968109681875969,0.6747686266899109,True,True,True
batch_dist_ternary_butan-1-ol+propan-2-ol+water__operating_point_014__test_anormal_experiment_001,batch_dist_ternary_butan-1-ol+propan-2-ol+water,operating_point_014,test_anormal_experiment_001,0.4,1221,50.85,0.6956401649231208,1.0,1.0,0.0,1.0,1.0,0.0,-3.3691283790326934e-19,1.0,1.0,0.0,1.0,1.0,0.0,-3.3691283790326934e-19,387.065,380.5887293202293,7.372571552343381,359.996,387.088,3.3449999999999704,0.0048616447321189,65.686,66.4351036036036,1.120054750779844,64.39,67.918,-1.891999999999996,-0.0016175881639955,57.268,57.75211425061425,1.2272556285529663,56.799,61.04,0.4480000000000004,0.0005812374133092,61.098,61.93043816543817,0.924022202668839,60.193,63.496,-1.5560000000000045,-0.0009003370690151,60.302,72.61056183456182,7.118143954558336,60.302,81.581,-17.357000000000006,-0.0190140372369706,56.238,57.35637674037674,0.8751155952657542,55.92,59.205,-1.546999999999997,-0.0001771351632182,54.112,53.83887346437347,1.3565385133634944,52.023,58.124,0.5489999999999995,0.0006462573271083,48.908,50.061524570024574,1.156625785139351,48.866,52.816,-1.713000000000001,-0.000392790054806,48.646,49.48722768222768,1.2135492581552496,48.624,52.774,-0.4209999999999994,-7.498603923439457e-06,48.833,49.60241441441441,1.1961618119080906,48.559,52.852,-0.2310000000000016,-4.596526127745168e-05,0.167,0.1422784602784602,0.1194133082775494,0.004,0.465,-0.298,3.916646236143959e-05,0.398,0.4066154791154791,0.2695286607032472,0.004,2.497,-0.258,5.847085179139585e-05,-0.08,-0.1048439803439803,0.3492834317996732,-0.637,2.146,-0.067,0.0001550695757357,1.875,2.2756998361998364,1.64653545481257,-0.857,7.095,-1.709,-0.0004338431163509,248.583,259.03739107289107,17.5852927737386,243.827,306.138,-0.9509999999999934,-1.372813673128005e-05,2.667,3.110635954135954,0.4099230824694126,1.951,3.91,-0.2600000000000002,3.3295710187932245e-05,175.0,171.91850941850942,20.112063818436937,0.0,175.0,0.0,0.0065978941981732,13.5,12.194717444717444,5.117208800016225,0.0,19.5,-1.5,-0.0008407805582552,0.0,5.302211302211302,8.676386096746914,0.0,19.5,-19.5,-0.0189705099715563,10.500000000000002,8.203316953316953,4.511005657777846,0.0,16.5,1.5000000000000018,3.559822185561884e-06,6.0,5.298525798525799,4.330865770043042,0.0,15.0,1.5,-0.0008718795604041,0.0,0.0,0.0,0.0,0.0,0.0,0.0,1.0,0.972972972972973,0.1621621621621621,0.0,1.0,0.0,5.6344074481499786e-05,1.0,0.968058968058968,0.1758431187723134,0.0,1.0,0.0,6.735974646682695e-05,1.0,0.9705159705159704,0.1691588646492236,0.0,1.0,0.0,6.182224528928433e-05,1.0,0.968058968058968,0.1758431187723134,0.0,1.0,0.0,6.735974646682695e-05,0.0,9.59009009009009,15.916190690894286,0.0,48.0,0.0,-0.0015209592991246,7.073,7.221790335790335,3.618281785228555,0.0,19.522,-3.8249999999999993,0.00040177441754,2.34,1.9422211302211303,1.4814271724649988,0.0,6.49,2.34,0.0017575056345722,0.6526656,1,0.692888307468758,0.668606698513031,True,True,True
batch_dist_ternary_butan-1-ol+propan-2-ol+water__operating_point_013__train_normal_experiment_001,batch_dist_ternary_butan-1-ol+propan-2-ol+water,operating_point_013,train_normal_experiment_001,0.4,1610,67.05,0.6950454537431681,1.0,0.9987577639751553,0.0352234705062306,0.0,1.0,0.0,-2.4354947393052744e-06,1.0,1.0,0.0,1.0,1.0,0.0,1.8564347554610265e-19,495.9,493.5349689440994,1.7720220372750235,489.732,495.972,6.1440000000000055,0.0036387223535498,85.699,85.47602732919253,0.107277766237426,85.186,85.763,0.3640000000000043,0.0002019214989581,75.382,74.52695776397516,0.4523773071560768,73.819,75.404,1.5420000000000016,0.0009695343100429,80.359,80.03168664596274,0.2223617305914125,79.745,80.74,-0.2960000000000065,-0.0001395852202936,80.515,80.07435652173913,0.1549733674906107,79.897,80.515,0.1920000000000072,9.619769022945592e-05,75.466,74.96187422360248,0.1948827076456595,74.72,75.487,0.3189999999999884,0.0002964689265628,72.607,72.05648509316771,0.3622665379224026,71.461,72.713,0.6370000000000005,0.0007571404726871,70.052,69.33575124223603,0.3548033985588236,68.833,70.115,1.156000000000006,0.0007539937955124,67.668,67.79624006211179,0.1156002723190777,67.625,68.112,-0.4019999999999868,-0.0002267574026478,67.416,67.60098291925465,0.1398886875146939,67.373,67.923,-0.402000000000001,-0.0002877228636733,0.44,0.4026677018633541,0.0170424154911933,0.327,0.44,0.1129999999999999,3.1344830234335535e-05,0.434,0.4066142857142857,0.0124553231761152,0.351,0.434,0.0369999999999999,2.200796577868224e-05,0.761,0.7756891304347826,0.0501305789310711,0.584,1.003,-0.022,4.229034615389405e-06,2.266,2.0194062111801245,0.0945384303135065,1.644,2.3,0.5389999999999999,1.526232395382571e-05,597.093,598.3192909937889,1.0882479231250424,595.433,601.086,-1.6159999999999854,-0.0003961630613472,4.878,5.000730124223602,0.4015595289277237,4.359,5.859,-0.5860000000000003,3.779271269926124e-05,280.0,280.0,0.0,280.0,280.0,0.0,1.5776013632883782e-16,16.5,18.41878881987577,1.2864726530633972,16.5,21.000000000000004,-4.500000000000004,-0.0023156842849191,12.0,12.1444099378882,0.4424485017167814,12.0,13.5,-1.5,6.1231702006906e-05,12.0,12.033540372670808,0.6678922161136498,10.500000000000002,13.5,1.4999999999999982,0.0008878327218825,9.0,9.609316770186336,0.7362129251006273,9.0,10.500000000000002,0.0,0.0003436419817557,0.0,0.0,0.0,0.0,0.0,0.0,0.0,1.0,1.0,0.0,1.0,1.0,0.0,1.8564347554610265e-19,1.0,1.0,0.0,1.0,1.0,0.0,1.8564347554610265e-19,1.0,1.0,0.0,1.0,1.0,0.0,1.8564347554610265e-19,1.0,1.0,0.0,1.0,1.0,0.0,1.8564347554610265e-19,0.0,2.0586956521739133,8.4357345223885,0.0,37.0,0.0,-0.0001400416663692,6.76,6.224981366459627,0.2548450076294624,5.485,6.845,1.125,0.0004806521904108,5.46,4.925687888198758,0.255253596848773,4.185,5.545,1.125,0.000481234347696,0.58587235,2,0.694341163307552,0.6675778031349182,True,True,True
