n,stop_rate,valuable_run_recall,valuable_false_stop_rate,endpoint_observation_rate,mean_true_outcome,mean_observed_outcome,endpoint_selection_bias,simple_regret_batch,mae,rmse,spearman,learner,seed,stop_quantile,round
9,0.1111111111111111,1.0,0.0,0.8888888888888888,0.6865828038515341,0.6868443850103026,0.00026158115876850907,0.0,0.06662896434019769,0.12211575274748994,0.5833333333333334,oracle_all_endpoints,0,0.2,1
9,0.1111111111111111,1.0,0.0,0.8888888888888888,0.6865828038515341,0.6868443850103026,0.00026158115876850907,0.0,0.06842539877350157,0.12252731249615624,0.5833333333333334,completed_only,0,0.2,1
9,0.1111111111111111,1.0,0.0,0.8888888888888888,0.6865828038515341,0.6868443850103026,0.00026158115876850907,0.0,0.0703578905219909,0.12388500084779892,0.48333333333333334,static_initial,0,0.2,1
9,0.3333333333333333,1.0,0.0,0.6666666666666666,0.6558392615230022,0.68291312541276,0.027073863889757743,0.0,0.04400825593878616,0.05851857921772036,0.9166666666666666,oracle_all_endpoints,0,0.2,2
9,0.4444444444444444,1.0,0.0,0.5555555555555556,0.6558392615230022,0.6940713973686574,0.03823213584565521,0.0,0.04218115917913656,0.058654041076915055,0.8833333333333333,completed_only,0,0.2,2
9,0.3333333333333333,1.0,0.0,0.6666666666666666,0.6558392615230022,0.68291312541276,0.027073863889757743,0.0,0.09731193748736208,0.13523340508904994,0.8166666666666667,static_initial,0,0.2,2
12,0.08333333333333333,1.0,0.0,0.9166666666666666,0.6564752935153074,0.6541343356305055,-0.002340957884801931,0.0,0.07153429330003415,0.10607284070627117,0.4125874125874127,oracle_all_endpoints,0,0.2,3
12,0.3333333333333333,1.0,0.0,0.6666666666666666,0.6564752935153074,0.6780598238644497,0.021584530349142317,0.0,0.07989790351668771,0.11240980375306994,0.09090909090909093,completed_only,0,0.2,3
12,0.4166666666666667,1.0,0.0,0.5833333333333334,0.6564752935153074,0.678469719396399,0.021994425881091573,0.0,0.08403340487540478,0.11916297267991689,0.15384615384615385,static_initial,0,0.2,3
2,0.0,,,1.0,0.6804181316544979,0.6804181316544979,0.0,0.0,0.009368093902829389,0.009436055058502433,,oracle_all_endpoints,0,0.2,4
2,0.0,,,1.0,0.6804181316544979,0.6804181316544979,0.0,0.0,0.003802390987637738,0.004857066107809276,,completed_only,0,0.2,4
2,0.0,,,1.0,0.6804181316544979,0.6804181316544979,0.0,0.0,0.02687147467828105,0.029517995089949078,,static_initial,0,0.2,4
9,0.1111111111111111,1.0,0.0,0.8888888888888888,0.6865828038515341,0.6868443850103026,0.00026158115876850907,0.0,0.06662896434019769,0.12211575274748994,0.5833333333333334,oracle_all_endpoints,0,0.3,1
9,0.1111111111111111,1.0,0.0,0.8888888888888888,0.6865828038515341,0.6868443850103026,0.00026158115876850907,0.0,0.06842539877350157,0.12252731249615624,0.5833333333333334,completed_only,0,0.3,1
9,0.1111111111111111,1.0,0.0,0.8888888888888888,0.6865828038515341,0.6868443850103026,0.00026158115876850907,0.0,0.0703578905219909,0.12388500084779892,0.48333333333333334,static_initial,0,0.3,1
9,0.3333333333333333,1.0,0.0,0.6666666666666666,0.6558392615230022,0.68291312541276,0.027073863889757743,0.0,0.04400825593878616,0.05851857921772036,0.9166666666666666,oracle_all_endpoints,0,0.3,2
9,0.4444444444444444,1.0,0.0,0.5555555555555556,0.6558392615230022,0.6940713973686574,0.03823213584565521,0.0,0.04218115917913656,0.058654041076915055,0.8833333333333333,completed_only,0,0.3,2
9,0.4444444444444444,1.0,0.0,0.5555555555555556,0.6558392615230022,0.6940713973686574,0.03823213584565521,0.0,0.09731193748736208,0.13523340508904994,0.8166666666666667,static_initial,0,0.3,2
12,0.16666666666666666,1.0,0.0,0.8333333333333334,0.6564752935153074,0.6761491482140676,0.01967385469876015,0.0,0.07153429330003415,0.10607284070627117,0.4125874125874127,oracle_all_endpoints,0,0.3,3
12,0.3333333333333333,1.0,0.0,0.6666666666666666,0.6564752935153074,0.6780598238644497,0.021584530349142317,0.0,0.07989790351668771,0.11240980375306994,0.09090909090909093,completed_only,0,0.3,3
12,0.4166666666666667,1.0,0.0,0.5833333333333334,0.6564752935153074,0.678469719396399,0.021994425881091573,0.0,0.08403340487540478,0.11916297267991689,0.15384615384615385,static_initial,0,0.3,3
2,0.0,,,1.0,0.6804181316544979,0.6804181316544979,0.0,0.0,0.009368093902829389,0.009436055058502433,,oracle_all_endpoints,0,0.3,4
2,0.0,,,1.0,0.6804181316544979,0.6804181316544979,0.0,0.0,0.003802390987637738,0.004857066107809276,,completed_only,0,0.3,4
2,0.0,,,1.0,0.6804181316544979,0.6804181316544979,0.0,0.0,0.02687147467828105,0.029517995089949078,,static_initial,0,0.3,4
9,0.2222222222222222,1.0,0.0,0.7777777777777778,0.6865828038515341,0.687621931006224,0.0010391271546899006,0.0,0.06662896434019769,0.12211575274748994,0.5833333333333334,oracle_all_endpoints,0,0.4,1
9,0.1111111111111111,1.0,0.0,0.8888888888888888,0.6865828038515341,0.6868443850103026,0.00026158115876850907,0.0,0.06842539877350157,0.12252731249615624,0.5833333333333334,completed_only,0,0.4,1
9,0.1111111111111111,1.0,0.0,0.8888888888888888,0.6865828038515341,0.6868443850103026,0.00026158115876850907,0.0,0.0703578905219909,0.12388500084779892,0.48333333333333334,static_initial,0,0.4,1
9,0.4444444444444444,1.0,0.0,0.5555555555555556,0.6558392615230022,0.6940713973686574,0.03823213584565521,0.0,0.04400825593878616,0.05851857921772036,0.9166666666666666,oracle_all_endpoints,0,0.4,2
9,0.4444444444444444,1.0,0.0,0.5555555555555556,0.6558392615230022,0.6940713973686574,0.03823213584565521,0.0,0.04218115917913656,0.058654041076915055,0.8833333333333333,completed_only,0,0.4,2
9,0.4444444444444444,1.0,0.0,0.5555555555555556,0.6558392615230022,0.6940713973686574,0.03823213584565521,0.0,0.09731193748736208,0.13523340508904994,0.8166666666666667,static_initial,0,0.4,2
12,0.25,1.0,0.0,0.75,0.6564752935153074,0.684252200758492,0.0277769072431846,0.0,0.07153429330003415,0.10607284070627117,0.4125874125874127,oracle_all_endpoints,0,0.4,3
12,0.4166666666666667,1.0,0.0,0.5833333333333334,0.6564752935153074,0.6813041168043047,0.02482882328899727,0.0,0.07989790351668771,0.11240980375306994,0.09090909090909093,completed_only,0,0.4,3
12,0.5,1.0,0.0,0.5,0.6564752935153074,0.6823230437482216,0.02584775023291419,0.0,0.08403340487540478,0.11916297267991689,0.15384615384615385,static_initial,0,0.4,3
2,0.0,,,1.0,0.6804181316544979,0.6804181316544979,0.0,0.0,0.009368093902829389,0.009436055058502433,,oracle_all_endpoints,0,0.4,4
2,0.0,,,1.0,0.6804181316544979,0.6804181316544979,0.0,0.0,0.0008732640874863917,0.001022895774388944,,completed_only,0,0.4,4
2,0.0,,,1.0,0.6804181316544979,0.6804181316544979,0.0,0.0,0.02687147467828105,0.029517995089949078,,static_initial,0,0.4,4
9,0.6666666666666666,,,0.3333333333333333,0.661270275210776,0.6972588234942679,0.03598854828349196,0.0,0.08133081882777567,0.10398491903540645,0.39999999999999997,oracle_all_endpoints,1,0.2,1
9,0.6666666666666666,,,0.3333333333333333,0.661270275210776,0.6972588234942679,0.03598854828349196,0.0,0.08550454263032754,0.11103973893791587,0.48333333333333334,completed_only,1,0.2,1
9,0.6666666666666666,,,0.3333333333333333,0.661270275210776,0.6972588234942679,0.03598854828349196,0.0,0.079830532428324,0.10188303308650495,0.48333333333333334,static_initial,1,0.2,1
20,0.9,,,0.1,0.658570025067598,0.6959505422883643,0.037380517220766296,0.0,0.06840667342686355,0.08209070003211227,0.10075187969924812,oracle_all_endpoints,1,0.2,2
20,0.7,,,0.3,0.658570025067598,0.6308396137875207,-0.02773041128007725,0.0,0.05106409613110683,0.07125867149274646,-0.30977443609022554,completed_only,1,0.2,2
20,0.85,,,0.15,0.658570025067598,0.6275871288243993,-0.03098289624319872,0.0,0.05283736709572932,0.06833228217121275,-0.21654135338345865,static_initial,1,0.2,2
8,0.125,,,0.875,0.6904689219537712,0.693043039895063,0.002574117941291809,0.0,0.03806075751934854,0.05883712707564955,0.9285714285714287,oracle_all_endpoints,1,0.2,3
8,0.25,,,0.75,0.6904689219537712,0.6953910482956687,0.0049221263418974814,0.0,0.043592873217209255,0.05912644388282727,0.9047619047619048,completed_only,1,0.2,3
8,0.125,,,0.875,0.6904689219537712,0.6910286751667721,0.0005597532130009464,0.0,0.06229062657248227,0.09627175138535901,0.6190476190476191,static_initial,1,0.2,3
7,0.14285714285714285,0.0,1.0,0.8571428571428571,0.67149373701328,0.6579488502695655,-0.013544886743714457,0.0658913977119957,0.06845508312505129,0.08578435240961203,-0.21428571428571433,oracle_all_endpoints,1,0.2,4
7,0.2857142857142857,0.0,1.0,0.7142857142857143,0.67149373701328,0.6533018783833048,-0.01819185862997519,0.0658913977119957,0.05741317830363284,0.082892967868634,-0.3571428571428572,completed_only,1,0.2,4
7,0.5714285714285714,0.0,1.0,0.42857142857142855,0.67149373701328,0.6584770205064876,-0.01301671650679237,0.0658913977119957,0.1161878369154754,0.14249405654760983,-0.14285714285714288,static_initial,1,0.2,4
9,0.6666666666666666,,,0.3333333333333333,0.661270275210776,0.6972588234942679,0.03598854828349196,0.0,0.08133081882777567,0.10398491903540645,0.39999999999999997,oracle_all_endpoints,1,0.3,1
9,0.6666666666666666,,,0.3333333333333333,0.661270275210776,0.6972588234942679,0.03598854828349196,0.0,0.08550454263032754,0.11103973893791587,0.48333333333333334,completed_only,1,0.3,1
9,0.7777777777777778,,,0.2222222222222222,0.661270275210776,0.7067609578204812,0.045490682609705235,0.0,0.079830532428324,0.10188303308650495,0.48333333333333334,static_initial,1,0.3,1
20,0.95,,,0.05,0.658570025067598,0.7207174072292262,0.062147382161628184,0.0,0.06840667342686355,0.08209070003211227,0.10075187969924812,oracle_all_endpoints,1,0.3,2
20,0.85,,,0.15,0.658570025067598,0.5954346532354801,-0.06313537183211793,0.0,0.05106409613110683,0.07125867149274646,-0.30977443609022554,completed_only,1,0.3,2
20,0.95,,,0.05,0.658570025067598,0.7207174072292262,0.062147382161628184,0.0,0.05283736709572932,0.06833228217121275,-0.21654135338345865,static_initial,1,0.3,2
8,0.25,,,0.75,0.6904689219537712,0.695043890014011,0.004574968060239826,0.0,0.03806075751934854,0.05883712707564955,0.9285714285714287,oracle_all_endpoints,1,0.3,3
8,0.5,,,0.5,0.6904689219537712,0.701189425282468,0.010720503328696784,0.0,0.04556965381060449,0.06484930069803463,0.880952380952381,completed_only,1,0.3,3
8,0.375,,,0.625,0.6904689219537712,0.6967425381242602,0.006273616170489049,0.0,0.06229062657248227,0.09627175138535901,0.6190476190476191,static_initial,1,0.3,3
7,0.14285714285714285,0.0,1.0,0.8571428571428571,0.67149373701328,0.6579488502695655,-0.013544886743714457,0.0658913977119957,0.06845508312505129,0.08578435240961203,-0.21428571428571433,oracle_all_endpoints,1,0.3,4
7,0.5714285714285714,0.0,1.0,0.42857142857142855,0.67149373701328,0.6584770205064876,-0.01301671650679237,0.0658913977119957,0.05961546774869248,0.08342122726123381,-0.03571428571428572,completed_only,1,0.3,4
7,0.5714285714285714,0.0,1.0,0.42857142857142855,0.67149373701328,0.6584770205064876,-0.01301671650679237,0.0658913977119957,0.1161878369154754,0.14249405654760983,-0.14285714285714288,static_initial,1,0.3,4
9,0.6666666666666666,,,0.3333333333333333,0.661270275210776,0.6972588234942679,0.03598854828349196,0.0,0.08133081882777567,0.10398491903540645,0.39999999999999997,oracle_all_endpoints,1,0.4,1
9,0.6666666666666666,,,0.3333333333333333,0.661270275210776,0.6972588234942679,0.03598854828349196,0.0,0.08550454263032754,0.11103973893791587,0.48333333333333334,completed_only,1,0.4,1
9,0.7777777777777778,,,0.2222222222222222,0.661270275210776,0.7067609578204812,0.045490682609705235,0.0,0.079830532428324,0.10188303308650495,0.48333333333333334,static_initial,1,0.4,1
20,0.95,,,0.05,0.658570025067598,0.7207174072292262,0.062147382161628184,0.0,0.06840667342686355,0.08209070003211227,0.10075187969924812,oracle_all_endpoints,1,0.4,2
20,1.0,,,0.0,0.658570025067598,,,,0.05106409613110683,0.07125867149274646,-0.30977443609022554,completed_only,1,0.4,2
20,1.0,,,0.0,0.658570025067598,,,,0.05283736709572932,0.06833228217121275,-0.21654135338345865,static_initial,1,0.4,2
8,0.375,,,0.625,0.6904689219537712,0.6982616701185272,0.007792748164756058,0.0,0.03806075751934854,0.05883712707564955,0.9285714285714287,oracle_all_endpoints,1,0.4,3
8,0.5,,,0.5,0.6904689219537712,0.701189425282468,0.010720503328696784,0.0,0.05107924025474761,0.0719021929933974,0.7619047619047621,completed_only,1,0.4,3
8,0.375,,,0.625,0.6904689219537712,0.6967425381242602,0.006273616170489049,0.0,0.06229062657248227,0.09627175138535901,0.6190476190476191,static_initial,1,0.4,3
7,0.2857142857142857,0.0,1.0,0.7142857142857143,0.67149373701328,0.6533018783833048,-0.01819185862997519,0.0658913977119957,0.06845508312505129,0.08578435240961203,-0.21428571428571433,oracle_all_endpoints,1,0.4,4
7,0.5714285714285714,0.0,1.0,0.42857142857142855,0.67149373701328,0.6584770205064876,-0.01301671650679237,0.0658913977119957,0.05965759971759943,0.08170950809691818,0.0,completed_only,1,0.4,4
7,0.7142857142857143,0.0,1.0,0.2857142857142857,0.67149373701328,0.6861046931026082,0.014610956089328275,0.0658913977119957,0.1161878369154754,0.14249405654760983,-0.14285714285714288,static_initial,1,0.4,4
18,0.8333333333333334,,,0.16666666666666666,0.6667455793137351,0.6892831837094459,0.02253760439571073,0.018913894213632654,0.04497800720698269,0.06161380600976303,0.5232198142414861,oracle_all_endpoints,2,0.2,1
18,0.8333333333333334,,,0.16666666666666666,0.6667455793137351,0.6798756539977772,0.013130074684042037,0.02768239937318362,0.048577513828243234,0.06952797518997074,0.3787409700722394,completed_only,2,0.2,1
18,0.6111111111111112,,,0.3888888888888889,0.6667455793137351,0.6741521153326743,0.007406536018939147,0.02768239937318362,0.04466170209779541,0.0659705798028549,0.27554179566563464,static_initial,2,0.2,1
8,0.375,,,0.625,0.6470768098070929,0.6710151649681517,0.0239383551610588,0.0,0.05582692359958388,0.07101421906540295,0.5952380952380953,oracle_all_endpoints,2,0.2,2
8,0.25,,,0.75,0.6470768098070929,0.6730477197159356,0.025970909908842654,0.0,0.05428496634040572,0.07446802296724314,0.6190476190476191,completed_only,2,0.2,2
8,0.25,,,0.75,0.6470768098070929,0.6730477197159356,0.025970909908842654,0.0,0.059297973343631516,0.07682409260339826,0.7857142857142858,static_initial,2,0.2,2
13,0.46153846153846156,0.0,1.0,0.5384615384615384,0.6832568998690047,0.6487712454840143,-0.034485654384990405,0.25537359275098326,0.07224969888995861,0.12909991042013624,-0.03296703296703297,oracle_all_endpoints,2,0.2,3
13,0.3076923076923077,0.0,1.0,0.6923076923076923,0.6832568998690047,0.654910046744742,-0.028346853124262772,0.25537359275098326,0.056246460500695455,0.11758823341997862,0.0879120879120879,completed_only,2,0.2,3
13,0.15384615384615385,0.0,1.0,0.8461538461538461,0.6832568998690047,0.6584866941947451,-0.024770205674259582,0.25537359275098326,0.06647124800782067,0.12362952036444474,0.11538461538461539,static_initial,2,0.2,3
18,0.8888888888888888,,,0.1111111111111111,0.6667455793137351,0.6861046931026082,0.019359113788873117,0.02768239937318362,0.04497800720698269,0.06161380600976303,0.5232198142414861,oracle_all_endpoints,2,0.3,1
18,0.8888888888888888,,,0.1111111111111111,0.6667455793137351,0.6861046931026082,0.019359113788873117,0.02768239937318362,0.048577513828243234,0.06952797518997074,0.3787409700722394,completed_only,2,0.3,1
18,0.7222222222222222,,,0.2777777777777778,0.6667455793137351,0.6760927108386205,0.009347131524885421,0.02768239937318362,0.04466170209779541,0.0659705798028549,0.27554179566563464,static_initial,2,0.3,1
8,0.375,,,0.625,0.6470768098070929,0.6710151649681517,0.0239383551610588,0.0,0.05582692359958388,0.07101421906540295,0.5952380952380953,oracle_all_endpoints,2,0.3,2
8,0.375,,,0.625,0.6470768098070929,0.6714205217189486,0.024343711911855692,0.0,0.05281889324460723,0.07759058256333826,0.4761904761904762,completed_only,2,0.3,2
8,0.25,,,0.75,0.6470768098070929,0.6730477197159356,0.025970909908842654,0.0,0.059297973343631516,0.07682409260339826,0.7857142857142858,static_initial,2,0.3,2
13,0.5384615384615384,0.0,1.0,0.46153846153846156,0.6832568998690047,0.6476748241837728,-0.03558207568523197,0.25537359275098326,0.07224969888995861,0.12909991042013624,-0.03296703296703297,oracle_all_endpoints,2,0.3,3
13,0.3076923076923077,0.0,1.0,0.6923076923076923,0.6832568998690047,0.6539952109447076,-0.029261688924297147,0.25537359275098326,0.05583368368397702,0.11264001815593751,0.10989010989010989,completed_only,2,0.3,3
13,0.46153846153846156,0.0,1.0,0.5384615384615384,0.6832568998690047,0.6508749215909033,-0.03238197827810141,0.25537359275098326,0.06647124800782067,0.12362952036444474,0.11538461538461539,static_initial,2,0.3,3
18,0.8888888888888888,,,0.1111111111111111,0.6667455793137351,0.6861046931026082,0.019359113788873117,0.02768239937318362,0.04497800720698269,0.06161380600976303,0.5232198142414861,oracle_all_endpoints,2,0.4,1
18,0.8888888888888888,,,0.1111111111111111,0.6667455793137351,0.6861046931026082,0.019359113788873117,0.02768239937318362,0.048577513828243234,0.06952797518997074,0.3787409700722394,completed_only,2,0.4,1
18,0.8333333333333334,,,0.16666666666666666,0.6667455793137351,0.6796909368783544,0.012945357564619231,0.02768239937318362,0.04466170209779541,0.0659705798028549,0.27554179566563464,static_initial,2,0.4,1
8,0.5,,,0.5,0.6470768098070929,0.6684730287849723,0.021396218977879355,0.0,0.05582692359958388,0.07101421906540295,0.5952380952380953,oracle_all_endpoints,2,0.4,2
8,0.5,,,0.5,0.6470768098070929,0.6684730287849723,0.021396218977879355,0.0,0.05281889324460723,0.07759058256333826,0.4761904761904762,completed_only,2,0.4,2
8,0.375,,,0.625,0.6470768098070929,0.6714205217189486,0.024343711911855692,0.0,0.059297973343631516,0.07682409260339826,0.7857142857142858,static_initial,2,0.4,2
13,0.5384615384615384,0.0,1.0,0.46153846153846156,0.6832568998690047,0.6476748241837728,-0.03558207568523197,0.25537359275098326,0.07224969888995861,0.12909991042013624,-0.03296703296703297,oracle_all_endpoints,2,0.4,3
13,0.46153846153846156,0.0,1.0,0.5384615384615384,0.6832568998690047,0.6508749215909033,-0.03238197827810141,0.25537359275098326,0.05594691416915957,0.11740911472049353,-0.027472527472527472,completed_only,2,0.4,3
13,0.5384615384615384,0.0,1.0,0.46153846153846156,0.6832568998690047,0.6468223159992533,-0.0364345838697514,0.25537359275098326,0.06647124800782067,0.12362952036444474,0.11538461538461539,static_initial,2,0.4,3
8,0.125,1.0,0.0,0.875,0.7393931611497171,0.7474898704166926,0.008096709266975477,0.0,0.07461699581942137,0.10254291809154989,0.28571428571428575,oracle_all_endpoints,3,0.2,1
8,0.125,1.0,0.0,0.875,0.7393931611497171,0.7474898704166926,0.008096709266975477,0.0,0.0652158085187393,0.10031548862647484,0.4047619047619048,completed_only,3,0.2,1
8,0.25,0.6666666666666667,0.3333333333333333,0.75,0.7393931611497171,0.7561314879989546,0.016738326849237484,0.0,0.07538813091120299,0.10356969364768101,0.261904761904762,static_initial,3,0.2,1
12,0.3333333333333333,0.5,0.5,0.6666666666666666,0.6569558781171102,0.6496767954585496,-0.007279082658560587,0.059287895245059286,0.04062756898550084,0.07845002911475718,0.39860139860139865,oracle_all_endpoints,3,0.2,2
12,0.3333333333333333,0.5,0.5,0.6666666666666666,0.6569558781171102,0.6496767954585496,-0.007279082658560587,0.059287895245059286,0.038070339911002664,0.07853090469753157,0.49650349650349657,completed_only,3,0.2,2
12,0.08333333333333333,0.5,0.5,0.9166666666666666,0.6569558781171102,0.6482461345390687,-0.008709743578041551,0.059287895245059286,0.041867117187719426,0.08030056151199785,0.3846153846153847,static_initial,3,0.2,2
8,0.25,,,0.75,0.651404878848853,0.6471778683435573,-0.004227010505295725,0.0,0.04803931893112949,0.07407308165232343,-0.14285714285714288,oracle_all_endpoints,3,0.2,3
8,0.625,,,0.375,0.651404878848853,0.6759512086255378,0.024546329776684805,0.0,0.049475867902743983,0.07045373042829621,0.04761904761904763,completed_only,3,0.2,3
8,0.125,,,0.875,0.651404878848853,0.6473396317876151,-0.004065247061237898,0.0,0.038744206003685486,0.06438028644679698,-0.28571428571428575,static_initial,3,0.2,3
9,0.4444444444444444,1.0,0.0,0.5555555555555556,0.6589820490105328,0.6997284148462126,0.04074636583567981,0.0,0.05374338480082716,0.0777776287101155,0.7999999999999999,oracle_all_endpoints,3,0.2,4
9,0.4444444444444444,1.0,0.0,0.5555555555555556,0.6589820490105328,0.6997284148462126,0.04074636583567981,0.0,0.04231145918524965,0.06364445675633139,0.8333333333333333,completed_only,3,0.2,4
9,0.3333333333333333,1.0,0.0,0.6666666666666666,0.6589820490105328,0.6942314192167318,0.035249370206199004,0.0,0.03351859805186581,0.06012908979591559,0.8333333333333333,static_initial,3,0.2,4
7,0.0,1.0,0.0,1.0,0.6931743934020324,0.6931743934020324,0.0,0.0,0.05639631726664666,0.10452400566140628,0.42857142857142866,oracle_all_endpoints,3,0.2,5
7,0.0,1.0,0.0,1.0,0.6931743934020324,0.6931743934020324,0.0,0.0,0.060125712811629865,0.10747261768333691,0.42857142857142866,completed_only,3,0.2,5
7,0.14285714285714285,1.0,0.0,0.8571428571428571,0.6931743934020324,0.6951728406855594,0.0019984472835270495,0.0,0.07396639668058302,0.10339459374293004,0.5714285714285715,static_initial,3,0.2,5
8,0.375,0.6666666666666667,0.3333333333333333,0.625,0.7393931611497171,0.7711964477047235,0.031803286555006416,0.0,0.07461699581942137,0.10254291809154989,0.28571428571428575,oracle_all_endpoints,3,0.3,1
8,0.125,1.0,0.0,0.875,0.7393931611497171,0.7474898704166926,0.008096709266975477,0.0,0.0652158085187393,0.10031548862647484,0.4047619047619048,completed_only,3,0.3,1
8,0.25,0.6666666666666667,0.3333333333333333,0.75,0.7393931611497171,0.7561314879989546,0.016738326849237484,0.0,0.07538813091120299,0.10356969364768101,0.261904761904762,static_initial,3,0.3,1
12,0.3333333333333333,0.5,0.5,0.6666666666666666,0.6569558781171102,0.6496767954585496,-0.007279082658560587,0.059287895245059286,0.04062756898550084,0.07845002911475718,0.39860139860139865,oracle_all_endpoints,3,0.3,2
12,0.3333333333333333,0.5,0.5,0.6666666666666666,0.6569558781171102,0.6496767954585496,-0.007279082658560587,0.059287895245059286,0.038070339911002664,0.07853090469753157,0.49650349650349657,completed_only,3,0.3,2
12,0.3333333333333333,0.5,0.5,0.6666666666666666,0.6569558781171102,0.6496767954585496,-0.007279082658560587,0.059287895245059286,0.041867117187719426,0.08030056151199785,0.3846153846153847,static_initial,3,0.3,2
8,0.25,,,0.75,0.651404878848853,0.6471778683435573,-0.004227010505295725,0.0,0.04803931893112949,0.07407308165232343,-0.14285714285714288,oracle_all_endpoints,3,0.3,3
8,0.625,,,0.375,0.651404878848853,0.6759512086255378,0.024546329776684805,0.0,0.049475867902743983,0.07045373042829621,0.04761904761904763,completed_only,3,0.3,3
8,0.125,,,0.875,0.651404878848853,0.6473396317876151,-0.004065247061237898,0.0,0.038744206003685486,0.06438028644679698,-0.28571428571428575,static_initial,3,0.3,3
9,0.4444444444444444,1.0,0.0,0.5555555555555556,0.6589820490105328,0.6997284148462126,0.04074636583567981,0.0,0.05374338480082716,0.0777776287101155,0.7999999999999999,oracle_all_endpoints,3,0.3,4
9,0.4444444444444444,1.0,0.0,0.5555555555555556,0.6589820490105328,0.6997284148462126,0.04074636583567981,0.0,0.04231145918524965,0.06364445675633139,0.8333333333333333,completed_only,3,0.3,4
9,0.3333333333333333,1.0,0.0,0.6666666666666666,0.6589820490105328,0.6942314192167318,0.035249370206199004,0.0,0.03351859805186581,0.06012908979591559,0.8333333333333333,static_initial,3,0.3,4
7,0.0,1.0,0.0,1.0,0.6931743934020324,0.6931743934020324,0.0,0.0,0.05639631726664666,0.10452400566140628,0.42857142857142866,oracle_all_endpoints,3,0.3,5
7,0.0,1.0,0.0,1.0,0.6931743934020324,0.6931743934020324,0.0,0.0,0.060125712811629865,0.10747261768333691,0.42857142857142866,completed_only,3,0.3,5
7,0.14285714285714285,1.0,0.0,0.8571428571428571,0.6931743934020324,0.6951728406855594,0.0019984472835270495,0.0,0.07396639668058302,0.10339459374293004,0.5714285714285715,static_initial,3,0.3,5
8,0.375,0.6666666666666667,0.3333333333333333,0.625,0.7393931611497171,0.7711964477047235,0.031803286555006416,0.0,0.07461699581942137,0.10254291809154989,0.28571428571428575,oracle_all_endpoints,3,0.4,1
8,0.25,0.6666666666666667,0.3333333333333333,0.75,0.7393931611497171,0.7561314879989546,0.016738326849237484,0.0,0.0652158085187393,0.10031548862647484,0.4047619047619048,completed_only,3,0.4,1
8,0.25,0.6666666666666667,0.3333333333333333,0.75,0.7393931611497171,0.7561314879989546,0.016738326849237484,0.0,0.07538813091120299,0.10356969364768101,0.261904761904762,static_initial,3,0.4,1
12,0.3333333333333333,0.5,0.5,0.6666666666666666,0.6569558781171102,0.6496767954585496,-0.007279082658560587,0.059287895245059286,0.04062756898550084,0.07845002911475718,0.39860139860139865,oracle_all_endpoints,3,0.4,2
12,0.3333333333333333,0.5,0.5,0.6666666666666666,0.6569558781171102,0.6496767954585496,-0.007279082658560587,0.059287895245059286,0.042655622066399335,0.07833788984903892,0.35664335664335667,completed_only,3,0.4,2
12,0.3333333333333333,0.5,0.5,0.6666666666666666,0.6569558781171102,0.6496767954585496,-0.007279082658560587,0.059287895245059286,0.041867117187719426,0.08030056151199785,0.3846153846153847,static_initial,3,0.4,2
8,0.5,,,0.5,0.651404878848853,0.6765270451796136,0.025122166330760587,0.0,0.04803931893112949,0.07407308165232343,-0.14285714285714288,oracle_all_endpoints,3,0.4,3
8,0.625,,,0.375,0.651404878848853,0.6759512086255378,0.024546329776684805,0.0,0.05327574642084136,0.07615554826473525,-0.261904761904762,completed_only,3,0.4,3
8,0.125,,,0.875,0.651404878848853,0.6473396317876151,-0.004065247061237898,0.0,0.038744206003685486,0.06438028644679698,-0.28571428571428575,static_initial,3,0.4,3
9,0.4444444444444444,1.0,0.0,0.5555555555555556,0.6589820490105328,0.6997284148462126,0.04074636583567981,0.0,0.05374338480082716,0.0777776287101155,0.7999999999999999,oracle_all_endpoints,3,0.4,4
9,0.5555555555555556,1.0,0.0,0.4444444444444444,0.6589820490105328,0.7065479944665838,0.04756594545605097,0.0,0.049687404239549315,0.07025672165183673,0.7666666666666667,completed_only,3,0.4,4
9,0.3333333333333333,1.0,0.0,0.6666666666666666,0.6589820490105328,0.6942314192167318,0.035249370206199004,0.0,0.03351859805186581,0.06012908979591559,0.8333333333333333,static_initial,3,0.4,4
7,0.0,1.0,0.0,1.0,0.6931743934020324,0.6931743934020324,0.0,0.0,0.05639631726664666,0.10452400566140628,0.42857142857142866,oracle_all_endpoints,3,0.4,5
7,0.14285714285714285,1.0,0.0,0.8571428571428571,0.6931743934020324,0.6951728406855594,0.0019984472835270495,0.0,0.060658178133306935,0.11031914014158924,0.42857142857142866,completed_only,3,0.4,5
7,0.14285714285714285,1.0,0.0,0.8571428571428571,0.6931743934020324,0.6951728406855594,0.0019984472835270495,0.0,0.07396639668058302,0.10339459374293004,0.5714285714285715,static_initial,3,0.4,5
8,0.25,1.0,0.0,0.75,0.6838977164947906,0.6855824311900847,0.0016847146952940761,0.0,0.020500823883865704,0.031768497021954424,0.7380952380952381,oracle_all_endpoints,4,0.2,1
8,0.25,1.0,0.0,0.75,0.6838977164947906,0.6855824311900847,0.0016847146952940761,0.0,0.022918041876617418,0.02778818619287885,0.3571428571428572,completed_only,4,0.2,1
8,0.375,0.6666666666666667,0.3333333333333333,0.625,0.6838977164947906,0.683689826679468,-0.00020788981532260387,0.0015702915126618588,0.024962803629829527,0.032393762751049875,0.14285714285714288,static_initial,4,0.2,1
9,0.3333333333333333,0.8333333333333334,0.16666666666666666,0.6666666666666666,0.6656708034602895,0.6933686666700916,0.027697863209802054,0.0,0.08387284350345521,0.11333061910924318,0.09999999999999999,oracle_all_endpoints,4,0.2,2
9,0.4444444444444444,0.8333333333333334,0.16666666666666666,0.5555555555555556,0.6656708034602895,0.6958348121678348,0.03016400870754532,0.0,0.07971454923354208,0.11108211239495425,0.38333333333333336,completed_only,4,0.2,2
9,0.4444444444444444,0.6666666666666667,0.3333333333333333,0.5555555555555556,0.6656708034602895,0.6580029914127576,-0.007667812047531863,0.0,0.08612575065761095,0.11020274988586347,0.38333333333333336,static_initial,4,0.2,2
10,0.2,1.0,0.0,0.8,0.6658331193706977,0.6850791758234515,0.01924605645275379,0.0,0.07319275514594427,0.1067954021351606,0.32121212121212117,oracle_all_endpoints,4,0.2,3
10,0.4,1.0,0.0,0.6,0.6658331193706977,0.6635002534526713,-0.0023328659180263944,0.0,0.07465982157812243,0.11799481971929598,0.2606060606060606,completed_only,4,0.2,3
10,0.3,1.0,0.0,0.7,0.6658331193706977,0.6615598266576669,-0.004273292713030785,0.0,0.07889616412226583,0.10657286949516326,0.32121212121212117,static_initial,4,0.2,3
8,0.25,0.8,0.2,0.75,0.6932176314343852,0.6852990473831078,-0.007918584051277433,0.024810649414197083,0.07115986247795587,0.08405057188960985,0.023809523809523815,oracle_all_endpoints,4,0.2,4
8,0.125,0.8,0.2,0.875,0.6932176314343852,0.6847111419999308,-0.008506489434454423,0.024810649414197083,0.06435605188148981,0.08625823567230835,0.19047619047619052,completed_only,4,0.2,4
8,0.5,0.6,0.4,0.5,0.6932176314343852,0.7051789884753964,0.0119613570410112,0.024810649414197083,0.10666573097246652,0.1340138009409264,0.04761904761904763,static_initial,4,0.2,4
9,0.4444444444444444,0.4,0.6,0.5555555555555556,0.7082822952415309,0.665994968927603,-0.04228732631392784,0.2875585757911573,0.0816092057968511,0.13405421183700356,-0.18333333333333335,oracle_all_endpoints,4,0.2,5
9,0.4444444444444444,0.6,0.4,0.5555555555555556,0.7082822952415309,0.6757228688145599,-0.03255942642697096,0.2550014041806974,0.0787805984545635,0.1222377970815058,0.03333333333333333,completed_only,4,0.2,5
9,0.4444444444444444,0.4,0.6,0.5555555555555556,0.7082822952415309,0.6640839620895885,-0.044198333151942326,0.2875585757911573,0.08041383212065817,0.14437953104925427,-0.25,static_initial,4,0.2,5
8,0.25,1.0,0.0,0.75,0.6838977164947906,0.6855824311900847,0.0016847146952940761,0.0,0.020500823883865704,0.031768497021954424,0.7380952380952381,oracle_all_endpoints,4,0.3,1
8,0.375,0.6666666666666667,0.3333333333333333,0.625,0.6838977164947906,0.683689826679468,-0.00020788981532260387,0.0015702915126618588,0.022918041876617418,0.02778818619287885,0.3571428571428572,completed_only,4,0.3,1
8,0.5,0.33333333333333337,0.6666666666666666,0.5,0.6838977164947906,0.6834215439109135,-0.00047617258387711026,0.0015702915126618588,0.024962803629829527,0.032393762751049875,0.14285714285714288,static_initial,4,0.3,1
9,0.4444444444444444,0.6666666666666667,0.3333333333333333,0.5555555555555556,0.6656708034602895,0.694732270111557,0.02906146665126752,0.0,0.08387284350345521,0.11333061910924318,0.09999999999999999,oracle_all_endpoints,4,0.3,2
9,0.6666666666666666,0.5,0.5,0.3333333333333333,0.6656708034602895,0.6862533452226603,0.020582541762370843,0.04920270681811312,0.08776187166574219,0.11337480545162419,0.38333333333333336,completed_only,4,0.3,2
9,0.5555555555555556,0.6666666666666667,0.3333333333333333,0.4444444444444444,0.6656708034602895,0.6987086005624159,0.0330377971021264,0.0,0.08612575065761095,0.11020274988586347,0.38333333333333336,static_initial,4,0.3,2
10,0.4,1.0,0.0,0.6,0.6658331193706977,0.6922000572724342,0.026366937901736498,0.0,0.07319275514594427,0.1067954021351606,0.32121212121212117,oracle_all_endpoints,4,0.3,3
10,0.6,0.6666666666666667,0.3333333333333333,0.4,0.6658331193706977,0.6837218142034162,0.017888694832718488,0.0,0.08239028770551805,0.1261588883465741,0.05454545454545454,completed_only,4,0.3,3
10,0.5,1.0,0.0,0.5,0.6658331193706977,0.6605493931748373,-0.005283726195860372,0.0,0.07889616412226583,0.10657286949516326,0.32121212121212117,static_initial,4,0.3,3
8,0.25,0.8,0.2,0.75,0.6932176314343852,0.6852990473831078,-0.007918584051277433,0.024810649414197083,0.07115986247795587,0.08405057188960985,0.023809523809523815,oracle_all_endpoints,4,0.3,4
8,0.375,0.8,0.2,0.625,0.6932176314343852,0.7007852894712878,0.007567658036902625,0.024810649414197083,0.07158496280449396,0.09293756535432153,0.14285714285714288,completed_only,4,0.3,4
8,0.5,0.6,0.4,0.5,0.6932176314343852,0.7051789884753964,0.0119613570410112,0.024810649414197083,0.10666573097246652,0.1340138009409264,0.04761904761904763,static_initial,4,0.3,4
9,0.5555555555555556,0.4,0.6,0.4444444444444444,0.7082822952415309,0.6643811870683218,-0.043901108173209025,0.2875585757911573,0.0816092057968511,0.13405421183700356,-0.18333333333333335,oracle_all_endpoints,4,0.3,5
9,0.3333333333333333,0.6,0.4,0.6666666666666666,0.7082822952415309,0.7160851350713587,0.007802839829827879,0.0,0.06539326358043329,0.11183482264336544,-0.3,completed_only,4,0.3,5
9,0.6666666666666666,0.4,0.6,0.3333333333333333,0.7082822952415309,0.659523252927286,-0.04875904231424488,0.2875585757911573,0.08041383212065817,0.14437953104925427,-0.25,static_initial,4,0.3,5
8,0.25,1.0,0.0,0.75,0.6838977164947906,0.6855824311900847,0.0016847146952940761,0.0,0.020500823883865704,0.031768497021954424,0.7380952380952381,oracle_all_endpoints,4,0.4,1
8,0.375,0.6666666666666667,0.3333333333333333,0.625,0.6838977164947906,0.683689826679468,-0.00020788981532260387,0.0015702915126618588,0.022918041876617418,0.02778818619287885,0.3571428571428572,completed_only,4,0.4,1
8,0.5,0.33333333333333337,0.6666666666666666,0.5,0.6838977164947906,0.6834215439109135,-0.00047617258387711026,0.0015702915126618588,0.024962803629829527,0.032393762751049875,0.14285714285714288,static_initial,4,0.4,1
9,0.5555555555555556,0.5,0.5,0.4444444444444444,0.6656708034602895,0.6843967459940256,0.01872594253373605,0.04920270681811312,0.08387284350345521,0.11333061910924318,0.09999999999999999,oracle_all_endpoints,4,0.4,2
9,0.7777777777777778,0.33333333333333337,0.6666666666666666,0.2222222222222222,0.6656708034602895,0.6861046931026082,0.020433889642318737,0.04920270681811312,0.08776187166574219,0.11337480545162419,0.38333333333333336,completed_only,4,0.4,2
9,0.5555555555555556,0.6666666666666667,0.3333333333333333,0.4444444444444444,0.6656708034602895,0.6987086005624159,0.0330377971021264,0.0,0.08612575065761095,0.11020274988586347,0.38333333333333336,static_initial,4,0.4,2
10,0.4,1.0,0.0,0.6,0.6658331193706977,0.6922000572724342,0.026366937901736498,0.0,0.07319275514594427,0.1067954021351606,0.32121212121212117,oracle_all_endpoints,4,0.4,3
10,0.6,0.6666666666666667,0.3333333333333333,0.4,0.6658331193706977,0.6837218142034162,0.017888694832718488,0.0,0.08214050252065783,0.12568841238200726,0.1515151515151515,completed_only,4,0.4,3
10,0.5,1.0,0.0,0.5,0.6658331193706977,0.6605493931748373,-0.005283726195860372,0.0,0.07889616412226583,0.10657286949516326,0.32121212121212117,static_initial,4,0.4,3
8,0.25,0.8,0.2,0.75,0.6932176314343852,0.6852990473831078,-0.007918584051277433,0.024810649414197083,0.07115986247795587,0.08405057188960985,0.023809523809523815,oracle_all_endpoints,4,0.4,4
8,0.375,0.8,0.2,0.625,0.6932176314343852,0.7007852894712878,0.007567658036902625,0.024810649414197083,0.07077111353415018,0.0914060535845378,0.14285714285714288,completed_only,4,0.4,4
8,0.5,0.6,0.4,0.5,0.6932176314343852,0.7051789884753964,0.0119613570410112,0.024810649414197083,0.10666573097246652,0.1340138009409264,0.04761904761904763,static_initial,4,0.4,4
9,0.5555555555555556,0.4,0.6,0.4444444444444444,0.7082822952415309,0.6643811870683218,-0.043901108173209025,0.2875585757911573,0.0816092057968511,0.13405421183700356,-0.18333333333333335,oracle_all_endpoints,4,0.4,5
9,0.5555555555555556,0.4,0.6,0.4444444444444444,0.7082822952415309,0.6643811870683218,-0.043901108173209025,0.2875585757911573,0.06772427068273232,0.11326701781936437,-0.08333333333333334,completed_only,4,0.4,5
9,0.6666666666666666,0.4,0.6,0.3333333333333333,0.7082822952415309,0.659523252927286,-0.04875904231424488,0.2875585757911573,0.08041383212065817,0.14437953104925427,-0.25,static_initial,4,0.4,5
