seed,metric,slope_per_unit_quantile,slope_per_10pct_quantile
0,delta_valuable_run_recall,0.0,0.0
0,delta_valuable_false_stop_rate,0.0,0.0
0,delta_simple_regret_batch,0.0,0.0
1,delta_valuable_run_recall,-0.3636363636363637,-0.03636363636363637
1,delta_valuable_false_stop_rate,0.3636363636363637,0.03636363636363637
1,delta_simple_regret_batch,0.009022054332435305,0.0009022054332435306
2,delta_valuable_run_recall,1.6363636363636365,0.16363636363636366
2,delta_valuable_false_stop_rate,-1.6363636363636365,-0.16363636363636366
2,delta_simple_regret_batch,-0.4178840608652454,-0.04178840608652454
3,delta_valuable_run_recall,-0.2545454545454545,-0.025454545454545452
3,delta_valuable_false_stop_rate,0.25454545454545463,0.025454545454545466
3,delta_simple_regret_batch,0.0,0.0
4,delta_valuable_run_recall,0.016528925619834847,0.0016528925619834847
4,delta_valuable_false_stop_rate,-0.01652892561983476,-0.001652892561983476
4,delta_simple_regret_batch,-0.15025440365606424,-0.015025440365606425
5,delta_valuable_run_recall,-1.590909090909091,-0.15909090909090912
5,delta_valuable_false_stop_rate,1.590909090909091,0.15909090909090912
5,delta_simple_regret_batch,0.0,0.0
6,delta_valuable_run_recall,-0.3030303030303031,-0.03030303030303031
6,delta_valuable_false_stop_rate,0.3030303030303031,0.03030303030303031
6,delta_simple_regret_batch,0.0,0.0
7,delta_valuable_run_recall,-5.844810117788299e-17,-5.8448101177883e-18
7,delta_valuable_false_stop_rate,-9.782070763667841e-17,-9.782070763667842e-18
7,delta_simple_regret_batch,-0.08462945542700331,-0.008462945542700332
8,delta_valuable_run_recall,-0.8181818181818185,-0.08181818181818185
8,delta_valuable_false_stop_rate,0.8181818181818185,0.08181818181818185
8,delta_simple_regret_batch,0.10924089113984121,0.010924089113984122
9,delta_valuable_run_recall,0.0,0.0
9,delta_valuable_false_stop_rate,0.0,0.0
9,delta_simple_regret_batch,0.0,0.0
10,delta_valuable_run_recall,0.0,0.0
10,delta_valuable_false_stop_rate,0.0,0.0
10,delta_simple_regret_batch,0.0,0.0
11,delta_valuable_run_recall,-0.98989898989899,-0.098989898989899
11,delta_valuable_false_stop_rate,0.9898989898989897,0.09898989898989898
11,delta_simple_regret_batch,0.0,0.0
12,delta_valuable_run_recall,0.0,0.0
12,delta_valuable_false_stop_rate,0.0,0.0
12,delta_simple_regret_batch,0.0,0.0
13,delta_valuable_run_recall,-0.2314049586776861,-0.02314049586776861
13,delta_valuable_false_stop_rate,0.23140495867768604,0.023140495867768604
13,delta_simple_regret_batch,0.0,0.0
14,delta_valuable_run_recall,0.0,0.0
14,delta_valuable_false_stop_rate,0.0,0.0
14,delta_simple_regret_batch,0.0,0.0
15,delta_valuable_run_recall,-0.3838383838383839,-0.038383838383838395
15,delta_valuable_false_stop_rate,0.383838383838384,0.0383838383838384
15,delta_simple_regret_batch,0.0,0.0
16,delta_valuable_run_recall,-0.9090909090909091,-0.09090909090909091
16,delta_valuable_false_stop_rate,0.9090909090909091,0.09090909090909091
16,delta_simple_regret_batch,0.23181945834608858,0.02318194583460886
17,delta_valuable_run_recall,,
17,delta_valuable_false_stop_rate,,
17,delta_simple_regret_batch,0.0015097858413475951,0.00015097858413475951
18,delta_valuable_run_recall,0.4895104895104896,0.04895104895104896
18,delta_valuable_false_stop_rate,-0.48951048951048953,-0.04895104895104896
18,delta_simple_regret_batch,-0.04749459101763794,-0.004749459101763795
19,delta_valuable_run_recall,0.0,0.0
19,delta_valuable_false_stop_rate,0.0,0.0
19,delta_simple_regret_batch,0.0,0.0
20,delta_valuable_run_recall,-0.25974025974025977,-0.02597402597402598
20,delta_valuable_false_stop_rate,0.25974025974025977,0.02597402597402598
20,delta_simple_regret_batch,0.10383999238866201,0.010383999238866203
21,delta_valuable_run_recall,-0.9350649350649352,-0.09350649350649352
21,delta_valuable_false_stop_rate,0.9350649350649352,0.09350649350649352
21,delta_simple_regret_batch,0.0,0.0
22,delta_valuable_run_recall,0.0,0.0
22,delta_valuable_false_stop_rate,0.0,0.0
22,delta_simple_regret_batch,0.0,0.0
23,delta_valuable_run_recall,0.0,0.0
23,delta_valuable_false_stop_rate,0.0,0.0
23,delta_simple_regret_batch,0.0,0.0
24,delta_valuable_run_recall,-1.6923076923076925,-0.16923076923076927
24,delta_valuable_false_stop_rate,1.6923076923076925,0.16923076923076927
24,delta_simple_regret_batch,0.0,0.0
25,delta_valuable_run_recall,-0.2787878787878789,-0.027878787878787892
25,delta_valuable_false_stop_rate,0.2787878787878788,0.02787878787878788
25,delta_simple_regret_batch,0.0,0.0
26,delta_valuable_run_recall,-0.6363636363636366,-0.06363636363636366
26,delta_valuable_false_stop_rate,0.6363636363636366,0.06363636363636366
26,delta_simple_regret_batch,0.0,0.0
27,delta_valuable_run_recall,0.45454545454545453,0.045454545454545456
27,delta_valuable_false_stop_rate,-0.4545454545454547,-0.04545454545454547
27,delta_simple_regret_batch,-0.32734919997572676,-0.03273491999757268
28,delta_valuable_run_recall,0.4935064935064935,0.04935064935064935
28,delta_valuable_false_stop_rate,-0.4935064935064937,-0.049350649350649374
28,delta_simple_regret_batch,-0.007944792082897553,-0.0007944792082897553
29,delta_valuable_run_recall,-1.6181818181818186,-0.16181818181818186
29,delta_valuable_false_stop_rate,1.6181818181818186,0.16181818181818186
29,delta_simple_regret_batch,0.0,0.0
30,delta_valuable_run_recall,-1.090909090909091,-0.10909090909090911
30,delta_valuable_false_stop_rate,1.090909090909091,0.10909090909090911
30,delta_simple_regret_batch,0.0,0.0
31,delta_valuable_run_recall,0.0,0.0
31,delta_valuable_false_stop_rate,0.0,0.0
31,delta_simple_regret_batch,0.0,0.0
32,delta_valuable_run_recall,0.11363636363636365,0.011363636363636366
32,delta_valuable_false_stop_rate,-0.11363636363636365,-0.011363636363636366
32,delta_simple_regret_batch,-0.09390900228504016,-0.009390900228504017
33,delta_valuable_run_recall,-1.3363636363636369,-0.1336363636363637
33,delta_valuable_false_stop_rate,1.3363636363636369,0.1336363636363637
33,delta_simple_regret_batch,0.0,0.0
34,delta_valuable_run_recall,-0.9220779220779224,-0.09220779220779224
34,delta_valuable_false_stop_rate,0.9220779220779224,0.09220779220779224
34,delta_simple_regret_batch,0.0,0.0
35,delta_valuable_run_recall,-1.4318181818181823,-0.14318181818181824
35,delta_valuable_false_stop_rate,1.4318181818181823,0.14318181818181824
35,delta_simple_regret_batch,0.0,0.0
36,delta_valuable_run_recall,-0.5454545454545453,-0.054545454545454536
36,delta_valuable_false_stop_rate,0.5454545454545454,0.05454545454545454
36,delta_simple_regret_batch,-0.05655398567984435,-0.005655398567984435
37,delta_valuable_run_recall,-0.15702479338842987,-0.015702479338842987
37,delta_valuable_false_stop_rate,0.15702479338842976,0.015702479338842976
37,delta_simple_regret_batch,0.0,0.0
38,delta_valuable_run_recall,-0.9848484848484851,-0.09848484848484851
38,delta_valuable_false_stop_rate,0.9848484848484851,0.09848484848484851
38,delta_simple_regret_batch,0.0,0.0
39,delta_valuable_run_recall,0.06993006993007006,0.006993006993007006
39,delta_valuable_false_stop_rate,-0.06993006993006991,-0.006993006993006991
39,delta_simple_regret_batch,-0.10906840095398551,-0.010906840095398551
40,delta_valuable_run_recall,-0.2727272727272727,-0.02727272727272727
40,delta_valuable_false_stop_rate,0.2727272727272727,0.02727272727272727
40,delta_simple_regret_batch,0.0,0.0
41,delta_valuable_run_recall,-1.376623376623377,-0.1376623376623377
41,delta_valuable_false_stop_rate,1.3766233766233769,0.13766233766233768
41,delta_simple_regret_batch,-1.797719171843204e-16,-1.797719171843204e-17
42,delta_valuable_run_recall,,
42,delta_valuable_false_stop_rate,,
42,delta_simple_regret_batch,0.0,0.0
43,delta_valuable_run_recall,-1.1735537190082648,-0.11735537190082648
43,delta_valuable_false_stop_rate,1.1735537190082648,0.11735537190082648
43,delta_simple_regret_batch,0.0,0.0
44,delta_valuable_run_recall,0.09790209790209782,0.009790209790209782
44,delta_valuable_false_stop_rate,-0.09790209790209782,-0.009790209790209782
44,delta_simple_regret_batch,0.0,0.0
45,delta_valuable_run_recall,-1.3636363636363642,-0.13636363636363644
45,delta_valuable_false_stop_rate,1.3636363636363642,0.13636363636363644
45,delta_simple_regret_batch,0.0,0.0
46,delta_valuable_run_recall,-0.16528925619834695,-0.016528925619834694
46,delta_valuable_false_stop_rate,0.16528925619834714,0.016528925619834715
46,delta_simple_regret_batch,-0.06230399543319721,-0.006230399543319721
47,delta_valuable_run_recall,-0.013986013986014066,-0.0013986013986014066
47,delta_valuable_false_stop_rate,0.01398601398601397,0.001398601398601397
47,delta_simple_regret_batch,0.0,0.0
48,delta_valuable_run_recall,-0.9350649350649355,-0.09350649350649355
48,delta_valuable_false_stop_rate,0.9350649350649355,0.09350649350649355
48,delta_simple_regret_batch,0.0,0.0
49,delta_valuable_run_recall,-0.7272727272727274,-0.07272727272727274
49,delta_valuable_false_stop_rate,0.7272727272727274,0.07272727272727274
49,delta_simple_regret_batch,0.0,0.0
